id,lat,lon,alt,name,tz,search_name,random_group
KMDW,41.78,-87.76,188.0,"Chicago, Chicago Midway Airport",America/Chicago,"Chicago, Chicago Midway Airport",1
KHOU,29.64,-95.28,14.0,"Houston, Houston Hobby Airport",America/Chicago,"Houston, Houston Hobby Airport",1
KMCJ,29.72,-95.4,69.0,HOUSTON/UNIV,America/Chicago,HOUSTON/UNIV,1
KDAL,32.85,-96.86,136.0,"Dallas, Dallas Love Field",America/Chicago,"Dallas, Dallas Love Field",1
KRBD,32.68,-96.86,198.0,"Dallas, Redbird Airport",America/Chicago,"Dallas, Redbird Airport",1
KATL,33.64,-84.43,305.0,"Atlanta, Hartsfield - Jackson Atlanta International Airport",America/New_York,"Atlanta, Hartsfield - Jackson Atlanta International Airport",1
KFTY,33.78,-84.52,242.0,"Atlanta, Fulton County Airport-Brown Field",America/New_York,"Atlanta, Fulton County Airport-Brown Field",1
KPDK,33.88,-84.3,277.0,"Atlanta, De Kalb-Peachtree Airport",America/New_York,"Atlanta, De Kalb-Peachtree Airport",1
KMYF,32.81,-117.14,126.0,"San Diego, Montgomery Field",America/Los_Angeles,"San Diego, Montgomery Field",1
KNKX,32.87,-117.14,145.0,"San Diego, Miramar MCAS/Mitscher Field Airport",America/Los_Angeles,"San Diego, Miramar MCAS/Mitscher Field Airport",1
KNRS,32.56,-117.11,7.0,"Imperial Beach, Naval Auxiliary Landing Field",America/Los_Angeles,"Imperial Beach, Naval Auxiliary Landing Field",1
KNZY,32.69,-117.21,7.0,"San Diego, North Island, Naval Air Station",America/Los_Angeles,"San Diego, North Island, Naval Air Station",1
KSAN,32.73,-117.18,2.0,"San Diego, San Diego International-Lindbergh Field",America/Los_Angeles,"San Diego, San Diego International-Lindbergh Field",1
KSEE,32.83,-116.97,111.0,"San Diego/El Cajon, Gillespie Field Airport",America/Los_Angeles,"San Diego/El Cajon, Gillespie Field Airport",1
KNUQ,37.41,-122.05,10.0,"Mountain View, Moffett Field",America/Los_Angeles,"Mountain View, Moffett Field",1
KRHV,37.33,-121.82,37.0,San Jose / Reid / Hillv,America/Los_Angeles,San Jose / Reid / Hillv,1
KSJC,37.36,-121.92,15.0,"San Jose, San Jose International Airport",America/Los_Angeles,"San Jose, San Jose International Airport",1
KXSA,37.86,-76.89,41.0,Tappahannock-Essex County Airport,America/New_York,Tappahannock-Essex County Airport,1
KPHX,33.43,-112.05,340.0,"Phoenix, Phoenix Sky Harbor International Airport",America/Phoenix,"Phoenix, Phoenix Sky Harbor International Airport",1
KDSM,41.54,-93.67,259.0,"Des Moines, Des Moines International Airport",America/Chicago,"Des Moines, Des Moines International Airport",1
KIKV,41.69,-93.57,276.0,"Ankeny, Ankeny Regional Airport",America/Chicago,"Ankeny, Ankeny Regional Airport",1
KPHL,39.87,-75.23,2.0,"Philadelphia, Philadelphia International Airport",America/New_York,"Philadelphia, Philadelphia International Airport",1
KPNE,40.08,-75.01,35.0,"Philadelphia, Northeast Philadelphia Airport",America/New_York,"Philadelphia, Northeast Philadelphia Airport",1
KMCF,27.85,-82.5,2.0,"Macdill Air Force Base, Fl.",America/New_York,"Macdill Air Force Base, Fl.",1
KTPA,27.96,-82.54,3.0,"Tampa, Tampa International Airport",America/New_York,"Tampa, Tampa International Airport",1
KVDF,28.01,-82.35,3.0,"Tampa, Vandenberg Airport",America/New_York,"Tampa, Vandenberg Airport",1
KTPF,27.92,-82.45,1.0,"Tampa, Peter O Knight Airport",America/New_York,"Tampa, Peter O Knight Airport",1
KCMH,39.99,-82.88,244.0,"Columbus, Port Columbus International Airport",America/New_York,"Columbus, Port Columbus International Airport",1
KLCK,39.82,-82.93,213.0,Rickenbacker Air National Guard Base,America/New_York,Rickenbacker Air National Guard Base,1
KOSU,40.08,-83.08,274.0,"Columbus, Ohio State University Airport",America/New_York,"Columbus, Ohio State University Airport",1
KTZR,39.9,-83.14,274.0,"Columbus, Bolton Field Airport",America/New_York,"Columbus, Bolton Field Airport",1
KIAD,38.93,-77.45,91.0,"Washington DC, Washington-Dulles International Airport",America/New_York,"Washington DC, Washington-Dulles International Airport",1
KJYO,39.08,-77.57,106.0,Leesburg / Godfrey,America/New_York,Leesburg / Godfrey,1
KBKF,39.71,-104.76,1682.0,"Aurora, Buckley Air Force Base Airport",America/Denver,"Aurora, Buckley Air Force Base Airport",1
KCLT,35.21,-80.95,212.0,"Charlotte, Charlotte / Douglas International Airport",America/New_York,"Charlotte, Charlotte / Douglas International Airport",1
KSAT,29.53,-98.46,237.0,"San Antonio, San Antonio International Airport",America/Chicago,"San Antonio, San Antonio International Airport",1
KSKF,29.38,-98.58,200.0,Kelly Air Force Base,America/Chicago,Kelly Air Force Base,1
KSSF,29.34,-98.47,170.0,"San Antonio, Stinson Municipal Airport",America/Chicago,"San Antonio, Stinson Municipal Airport",1
KPDX,45.59,-122.6,61.0,"Portland, Portland International Airport",America/Los_Angeles,"Portland, Portland International Airport",1
KVUO,45.62,-122.66,21.0,"Vancouver, Pearson Field Airport",America/Los_Angeles,"Vancouver, Pearson Field Airport",1
KTTD,45.55,-122.41,34.0,"Portland, Portland-Troutdale Airport",America/Los_Angeles,"Portland, Portland-Troutdale Airport",1
KANE,45.15,-93.22,277.0,Minneapolis / Blaine,America/Chicago,Minneapolis / Blaine,1
KMIC,45.06,-93.35,265.0,"Minneapolis, Crystal Airport",America/Chicago,"Minneapolis, Crystal Airport",1
KMSP,44.88,-93.23,256.0,"Minneapolis, Minneapolis-St. Paul International Airport",America/Chicago,"Minneapolis, Minneapolis-St. Paul International Airport",1
KSTP,44.93,-93.05,213.0,"St. Paul, St. Paul Downtown Holman Field",America/Chicago,St. Paul Downtown Airport / Holman Field,1
KAUS,30.19,-97.67,152.0,"Austin, Austin-Bergstrom International Airport",America/Chicago,"Austin, Austin-Bergstrom International Airport",1
KATT,30.32,-97.77,217.0,"Austin City, Austin Camp Mabry",America/Chicago,"Austin City, Austin Camp Mabry",1
KBOS,42.36,-71.01,1.0,"Boston, Logan International Airport",America/New_York,"Boston, Logan International Airport",1
KMQE,42.21,-71.11,166.0,East Milton,America/New_York,East Milton,1
KSLC,40.78,-111.97,1286.0,"Salt Lake City, Salt Lake City International Airport",America/Denver,"Salt Lake City, Salt Lake City International Airport",1
KU42,40.62,-111.99,1392.0,"Salt Lake City, Salt Lake City Municipal 2 Airport",America/Denver,"Salt Lake City, Salt Lake City Municipal 2 Airport",1
KCPS,38.57,-90.16,124.0,"Cahokia / St. Louis, St. Louis Downtown Airport",America/Chicago,"Cahokia / St. Louis, St. Louis Downtown Airport",1
KCRG,30.34,-81.51,12.0,"Jacksonville, Craig Municipal Airport",America/New_York,"Jacksonville, Craig Municipal Airport",1
KJAX,30.49,-81.69,6.0,"Jacksonville, Jacksonville International Airport",America/New_York,"Jacksonville, Jacksonville International Airport",1
KNIP,30.23,-81.67,3.0,"Jacksonville, Naval Air Station",America/New_York,"Jacksonville, Naval Air Station",1
KAGC,40.35,-79.92,333.0,"Pittsburgh, Allegheny County Airport",America/New_York,"Pittsburgh, Allegheny County Airport",1
KCVG,39.04,-84.67,271.0,"Covington / Cincinnati, Cincinnati / Northern Kentucky Inter",America/New_York,"Covington / Cincinnati, Cincinnati / Northern Kentucky Inter",1
KLUK,39.11,-84.42,165.0,"Cincinnati, Cincinnati Municipal Airport Lunken Field",America/New_York,"Cincinnati, Cincinnati Municipal Airport Lunken Field",1
KBNA,36.12,-86.69,183.0,"Nashville, Nashville International Airport",America/Chicago,"Nashville, Nashville International Airport",1
KJWN,36.18,-86.89,151.0,John C Tune Airport,America/Chicago,John C Tune Airport,1
KSPI,39.85,-89.68,178.0,"Springfield, Abraham Lincoln Capital Airport",America/Chicago,"Springfield, Abraham Lincoln Capital Airport",1
KEYE,39.83,-86.3,245.0,"Indianapolis, Eagle Creek Airpark",America/New_York,"Indianapolis, Eagle Creek Airpark",1
KIND,39.73,-86.28,240.0,"Indianapolis, Indianapolis International Airport",America/New_York,"Indianapolis, Indianapolis International Airport",1
KLOU,38.23,-85.66,164.0,"Louisville, Bowman Field Airport",America/New_York,"Louisville, Bowman Field Airport",1
KSDF,38.18,-85.73,138.0,"Louisville, Standiford Field",America/New_York,"Louisville, Standiford Field",1
KJVY,38.37,-85.74,144.0,Clark Regional Airport,America/New_York,Clark Regional Airport,1
KCAE,33.94,-81.12,61.0,"Columbia, Columbia Metropolitan Airport",America/New_York,"Columbia, Columbia Metropolitan Airport",1
KCUB,33.97,-80.99,52.0,"Columbia, Columbia Owens Downtown Airport",America/New_York,"Columbia, Columbia Owens Downtown Airport",1
KGKY,32.66,-97.1,182.0,"Arlington, Arlington Municipal Airport",America/Chicago,"Arlington, Arlington Municipal Airport",1
KGPM,32.7,-97.05,176.0,"Grand Prairie, Grand Prairie Municipal Airport",America/Chicago,"Grand Prairie, Grand Prairie Municipal Airport",1
KDMA,32.17,-110.88,805.0,Davis-Monthan Air Force Base,America/Phoenix,Davis-Monthan Air Force Base,1
KTUS,32.13,-110.96,779.0,"Tucson, Tucson International Airport",America/Phoenix,"Tucson, Tucson International Airport",1
KROC,43.12,-77.68,167.0,"Rochester, Greater Rochester International Airport",America/New_York,"Rochester, Greater Rochester International Airport",1
KOFP,37.71,-77.43,61.0,"Ashland, Hanover County Municipal Airport",America/New_York,"Ashland, Hanover County Municipal Airport",1
KRIC,37.51,-77.32,41.0,"Richmond, Richmond International Airport",America/New_York,"Richmond, Richmond International Airport",1
KFCI,37.41,-77.53,72.0,Chesterfield County Airport,America/New_York,Chesterfield County Airport,1
KBKL,41.53,-81.67,174.0,"Cleveland, Burke Lakefront Airport",America/New_York,"Cleveland, Burke Lakefront Airport",1
KCGF,41.57,-81.48,262.0,Cleveland / Cuyahoga,America/New_York,Cleveland / Cuyahoga,1
KCLE,41.41,-81.85,230.0,"Cleveland, Cleveland-Hopkins International Airport",America/New_York,"Cleveland, Cleveland-Hopkins International Airport",1
KBWI,39.17,-76.68,45.0,"Baltimore, Baltimore-Washington International Airport",America/New_York,"Baltimore, Baltimore-Washington International Airport",1
KMTN,39.33,-76.42,1.0,Baltimore / Martin,America/New_York,Baltimore / Martin,1
KMKC,39.12,-94.6,225.0,"Kansas City, Kansas City Downtown Airport",America/Chicago,"Kansas City, Kansas City Downtown Airport",1
KALB,42.75,-73.8,90.0,"Albany, Albany International Airport",America/New_York,"Albany, Albany International Airport",1
KFTW,32.83,-97.36,213.0,"Fort Worth, Meacham International Airport",America/Chicago,"Fort Worth, Meacham International Airport",1
KNFW,32.77,-97.43,183.0,"Fort Worth, Naval Air Station",America/Chicago,"Fort Worth, Naval Air Station",1
KMCC,38.67,-121.4,18.0,"Sacramento, McClellan Airfield Airport",America/Los_Angeles,"Sacramento, McClellan Airfield Airport",1
KMHR,38.55,-121.3,24.0,"Sacramento, Sacramento Mather Airport",America/Los_Angeles,"Sacramento, Sacramento Mather Airport",1
KSAC,38.51,-121.49,5.0,"Sacramento, Sacramento Executive Airport",America/Los_Angeles,"Sacramento, Sacramento Executive Airport",1
KSMF,38.7,-121.59,5.0,"Sacramento, Sacramento International Airport",America/Los_Angeles,"Sacramento, Sacramento International Airport",1
KCNU,37.67,-95.48,304.0,"Chanute, Chanute Martin Johnson Airport",America/Chicago,"Chanute, Chanute Martin Johnson Airport",1
KMEM,35.06,-89.98,76.0,"Memphis, Memphis International Airport",America/Chicago,"Memphis, Memphis International Airport",1
KAWM,35.13,-90.23,64.0,"West Memphis, West Memphis Municipal Airport",America/Chicago,"West Memphis, West Memphis Municipal Airport",1
KMKE,42.96,-87.9,217.0,"Milwaukee, General Mitchell International Airport",America/Chicago,"Milwaukee, General Mitchell International Airport",1
KMWC,43.12,-88.03,228.0,Milwaukee / Timmerman,America/Chicago,Milwaukee / Timmerman,1
KAFF,38.97,-104.82,1999.0,Air Force Academy,America/Denver,Air Force Academy,1
KCOS,38.82,-104.71,1886.0,"Colorado Springs, City Of Colorado Springs Municipal Airport",America/Denver,"Colorado Springs, City Of Colorado Springs Municipal Airport",1
KFCS,38.7,-104.77,1737.0,Fort Carson,America/Denver,Fort Carson,1
KDET,42.41,-83.01,191.0,"Detroit, Detroit City Airport",America/New_York,"Detroit, Detroit City Airport",1
KDAA,38.72,-77.18,15.0,Fort Belvoir,America/New_York,Fort Belvoir,1
KSGS,44.86,-93.03,244.0,"South St. Paul, South St. Paul Municipal-Richard E. Fleming",America/Chicago,"South St. Paul, South St. Paul Municipal-Richard E. Fleming",1
K21D,45.0,-92.86,284.0,Lake Elmo Airport,America/Chicago,Lake Elmo Airport,1
KOKC,35.39,-97.6,395.0,"Oklahoma City, Will Rogers World Airport",America/Chicago,"Oklahoma City, Will Rogers World Airport",1
KPWA,35.54,-97.65,401.0,"Oklahoma City, Wiley Post Airport",America/Chicago,"Oklahoma City, Wiley Post Airport",1
KTIK,35.42,-97.38,390.0,Tinker Air Force Base,America/Chicago,Tinker Air Force Base,1
KMSN,43.14,-89.35,259.0,"Madison, Dane County Regional-Truax Field",America/Chicago,Truax,1
KC29,43.11,-89.53,283.0,Middleton Municipal Morey Field,America/Chicago,Middleton Municipal Morey Field,1
KABQ,35.04,-106.61,1615.0,"Albuquerque, Albuquerque International Airport",America/Denver,"Albuquerque, Albuquerque International Airport",1
KAEG,35.15,-106.79,1767.0,"Albuquerque, Double Eagle II Airport",America/Denver,"Albuquerque, Double Eagle II Airport",1
KCDW,40.88,-74.28,57.0,"Caldwell, Essex County Airport",America/New_York,"Caldwell, Essex County Airport",1
KLDJ,40.62,-74.24,7.0,Linden Airport,America/New_York,Linden Airport,1
KMLE,41.2,-96.11,323.0,"Omaha, Millard Airport",America/Chicago,"Omaha, Millard Airport",1
KARR,41.77,-88.48,213.0,"Aurora, Aurora Municipal Airport",America/Chicago,"Aurora, Aurora Municipal Airport",1
KDPA,41.9,-88.25,228.0,"Chicago / West Chicago, Dupage Airport",America/Chicago,"Chicago / West Chicago, Dupage Airport",1
KAOH,40.71,-84.02,287.0,"Lima, Lima Allen County Airport",America/New_York,"Lima, Lima Allen County Airport",1
KDAY,39.91,-84.22,304.0,"Dayton, Cox Dayton International Airport",America/New_York,"Dayton, Cox Dayton International Airport",1
KFFO,39.83,-84.05,246.0,Dayton / Wright-Patterson Air Force Base,America/New_York,Dayton / Wright-Patterson Air Force Base,1
KMGY,39.59,-84.22,295.0,"Dayton, Dayton-Wright Brothers Airport",America/New_York,"Dayton, Dayton-Wright Brothers Airport",1
KLGB,33.81,-118.15,25.0,"Long Beach, Long Beach Airport",America/Los_Angeles,"Long Beach, Long Beach Airport",2
KTOA,33.8,-118.33,30.0,"Torrance, Zamperini Field Airport",America/Los_Angeles,"Torrance, Zamperini Field Airport",2
KFLL,26.07,-80.15,3.0,"Fort Lauderdale, Fort Lauderdale / Hollywood International A",America/New_York,"Fort Lauderdale, Fort Lauderdale / Hollywood International A",2
KFXE,26.2,-80.18,3.0,"Fort Lauderdale, Fort Lauderdale Executive Airport",America/New_York,"Fort Lauderdale, Fort Lauderdale Executive Airport",2
KPMP,26.25,-80.11,4.0,"Pompano Beach, Pompano Beach Airpark",America/New_York,"Pompano Beach, Pompano Beach Airpark",2
KHWO,26.0,-80.24,3.0,"Hollywood, North Perry Airport",America/New_York,"Hollywood, North Perry Airport",2
KLEX,38.04,-84.61,274.0,"Lexington, Blue Grass Airport",America/New_York,"Lexington, Blue Grass Airport",2
KBHM,33.57,-86.74,208.0,"Birmingham, Birmingham International Airport",America/Chicago,"Birmingham, Birmingham International Airport",2
KASG,36.18,-94.12,408.0,Springdale Municipal,America/Chicago,Springdale Municipal,2
KFYV,36.01,-94.17,393.0,"Fayetteville, Drake Field",America/Chicago,"Fayetteville, Drake Field",2
KSDM,32.58,-116.99,123.0,"San Diego, Brown Field Municipal Airport",America/Los_Angeles,"San Diego, Brown Field Municipal Airport",2
KFFZ,33.47,-111.73,405.0,Mesa / Falcon Field,America/Phoenix,Mesa / Falcon Field,2
KSDL,33.62,-111.91,446.0,"Scottsdale, Scottsdale Airport",America/Phoenix,"Scottsdale, Scottsdale Airport",2
KILG,39.67,-75.6,15.0,"Wilmington, New Castle County Airport",America/New_York,"Wilmington, New Castle County Airport",2
KGMU,34.85,-82.35,305.0,"Greenville, Greenville Downtown Airport",America/New_York,"Greenville, Greenville Downtown Airport",2
KGSP,34.88,-82.22,274.0,"Greer, Greenville-Spartanburg Airport",America/New_York,"Greer, Greenville-Spartanburg Airport",2
KGYH,34.76,-82.38,291.0,Donaldson Center Airport,America/New_York,Donaldson Center Airport,2
KLNS,40.12,-76.29,121.0,"Lancaster, Lancaster Airport",America/New_York,"Lancaster, Lancaster Airport",2
KE16,37.08,-121.6,86.0,South County Arpt Of Santa Clara County,America/Los_Angeles,South County Arpt Of Santa Clara County,2
KBIF,31.85,-106.38,1197.0,Biggs Army Air Field / Ft. Bliss,America/Denver,Biggs Army Air Field / Ft. Bliss,2
KELP,31.81,-106.38,1205.0,"El Paso, El Paso International Airport",America/Denver,"El Paso, El Paso International Airport",2
KTRM,33.63,-116.16,-32.0,"Palm Springs, Jacqueline Cochran Regional Airport",America/Los_Angeles,"Palm Springs, Jacqueline Cochran Regional Airport",2
KCHD,33.27,-111.81,377.0,"Chandler, Chandler Municipal Airport",America/Phoenix,"Chandler, Chandler Municipal Airport",2
KIWA,33.32,-111.65,422.0,"Mesa, Williams Gateway Airport",America/Phoenix,"Mesa, Williams Gateway Airport",2
KMGE,33.92,-84.52,312.0,Marietta / Dobbins Air Force Base,America/New_York,Marietta / Dobbins Air Force Base,2
KRYY,34.01,-84.6,305.0,"Marietta, Cobb County-McCollum Field Airport",America/New_York,"Marietta, Cobb County-McCollum Field Airport",2
KSLE,44.91,-122.99,59.0,"Salem, McNary Field",America/Los_Angeles,"Salem, McNary Field",2
KVLL,42.54,-83.18,217.0,"Troy, Oakland/Troy Airport",America/New_York,"Troy, Oakland/Troy Airport",2
KGRR,42.88,-85.52,243.0,"Grand Rapids, Gerald R. Ford International Airport",America/New_York,"Grand Rapids, Gerald R. Ford International Airport",2
KLNK,40.83,-96.76,354.0,"Lincoln, Lincoln Municipal Airport",America/Chicago,"Lincoln, Lincoln Municipal Airport",2
KJAN,32.32,-90.08,87.0,"Jackson, Jackson International Airport",America/Chicago,"Jackson, Jackson International Airport",2
KHKS,32.33,-90.22,91.0,"Jackson, Hawkins Field Airport",America/Chicago,"Jackson, Hawkins Field Airport",2
KMBO,32.44,-90.1,99.0,Bruce Campbell Field,America/Chicago,Bruce Campbell Field,2
KGRF,47.12,-122.55,91.0,Fort Lewis / Gray U. S. Army Airfield,America/Los_Angeles,Fort Lewis / Gray U. S. Army Airfield,2
KTCM,47.15,-122.48,94.0,Tacoma / McChord Air Force Base,America/Los_Angeles,Tacoma / McChord Air Force Base,2
KTIW,47.27,-122.58,84.0,"Tacoma, Tacoma Narrows Airport",America/Los_Angeles,"Tacoma, Tacoma Narrows Airport",2
KLRJ,42.78,-96.19,368.0,"Le Mars, Le Mars Municipal Airport",America/Chicago,"Le Mars, Le Mars Municipal Airport",2
KADS,32.97,-96.83,198.0,Dallas / Addison Airport,America/Chicago,Dallas / Addison Airport,2
KTKI,33.18,-96.59,168.0,"Mc Kinney, Collin County Regional Airport at Mc Kinney",America/Chicago,"Mc Kinney, Collin County Regional Airport at Mc Kinney",2
KGEG,47.62,-117.53,715.0,"Spokane, Spokane International Airport",America/Los_Angeles,"Spokane, Spokane International Airport",2
KSFF,47.69,-117.32,605.0,"Spokane, Felts Field",America/Los_Angeles,"Spokane, Felts Field",2
KSKA,47.62,-117.65,742.0,Fairchild Air Force Base,America/Los_Angeles,Fairchild Air Force Base,2
KMSY,29.99,-90.25,2.0,"New Orleans, New Orleans International Airport",America/Chicago,"New Orleans, New Orleans International Airport",2
KNBG,29.83,-90.03,1.0,"New Orleans, Naval Air Station - Alvin Callender Field",America/Chicago,"New Orleans, Naval Air Station - Alvin Callender Field",2
KNEW,30.05,-90.03,1.0,"New Orleans, New Orleans Lakefront Airport",America/Chicago,"New Orleans, New Orleans Lakefront Airport",2
KNTU,36.82,-76.03,5.0,"Virginia Beach, Oceana, Naval Air Station",America/New_York,"Virginia Beach, Oceana, Naval Air Station",2
KORF,36.9,-76.19,5.0,"Norfolk, Norfolk International Airport",America/New_York,"Norfolk, Norfolk International Airport",2
KMDQ,34.86,-86.56,218.0,"Huntsville, Madison County Executive Airport",America/Chicago,"Huntsville, Madison County Executive Airport",2
KHUA,34.68,-86.68,208.0,Redstone Army Air Field,America/Chicago,Redstone Army Air Field,2
KHWD,37.66,-122.12,20.0,"Hayward, Hayward Air Terminal",America/Los_Angeles,Hayward Executive Airport,2
KPAO,37.47,-122.12,1.0,Palo Alto Airport,America/Los_Angeles,Palo Alto Airport,2
KTYS,35.82,-83.99,299.0,"Knoxville, McGhee Tyson Airport",America/New_York,"Knoxville, McGhee Tyson Airport",2
KDKX,35.97,-83.87,261.0,Knoxville Downtown,America/New_York,Knoxville Downtown,2
KDFW,32.9,-97.02,167.0,"Dallas / Fort Worth, Dallas / Fort Worth International Airpo",America/Chicago,"Dallas / Fort Worth, Dallas / Fort Worth International Airpo",2
KRVS,36.04,-95.99,199.0,"Tulsa, Jones Jr. Airport",America/Chicago,"Tulsa, Jones Jr. Airport",2
KTUL,36.2,-95.89,201.0,"Tulsa, Tulsa International Airport",America/Chicago,"Tulsa, Tulsa International Airport",2
KOWP,36.18,-96.15,272.0,William R. Pogue Municipal Airport,America/Chicago,William R. Pogue Municipal Airport,2
KIAB,37.62,-97.27,410.0,McConnell Air Force Base,America/Chicago,McConnell Air Force Base,2
KICT,37.65,-97.43,399.0,"Wichita, Wichita Mid-Continent Airport",America/Chicago,"Wichita, Wichita Mid-Continent Airport",2
KAAO,37.75,-97.22,426.0,"Wichita, Colonel James Jabara Airport",America/Chicago,"Wichita, Colonel James Jabara Airport",2
KBEC,37.69,-97.21,429.0,Beech Factory Airport,America/Chicago,Beech Factory Airport,2
KFAT,36.78,-119.72,91.0,"Fresno, Fresno Air Terminal",America/Los_Angeles,"Fresno, Fresno Air Terminal",2
KGNV,29.69,-82.28,40.0,"Gainesville, Gainesville Regional Airport",America/New_York,"Gainesville, Gainesville Regional Airport",2
KDEC,39.83,-88.87,207.0,"Decatur, Decatur Airport",America/Chicago,"Decatur, Decatur Airport",2
KBOI,43.57,-116.24,854.0,"Boise, Boise Air Terminal",America/Denver,"Boise, Boise Air Terminal",2
KMGM,32.3,-86.41,78.0,"Montgomery, Dannelly Field",America/Chicago,"Montgomery, Dannelly Field",2
KMXF,32.38,-86.37,46.0,Maxwell Air Force Base / Montgomery,America/Chicago,Maxwell Air Force Base / Montgomery,2
KCYS,41.16,-104.81,1878.0,"Cheyenne, Cheyenne Airport",America/Denver,"Cheyenne, Cheyenne Airport",2
KFEW,41.13332,-104.86719,1889.0,WARREN AFB,America/Denver,WARREN AFB,2
KDWH,30.07,-95.56,48.0,"Houston, Hooks Memorial Airport",America/Chicago,"Houston, Hooks Memorial Airport",2
KIAH,29.99,-95.36,28.0,"Houston, Houston Intercontinental Airport",America/Chicago,"Houston, Houston Intercontinental Airport",2
KSRQ,27.4,-82.56,7.0,"Sarasota / Bradenton, Sarasota-Bradenton International Airpo",America/New_York,"Sarasota / Bradenton, Sarasota-Bradenton International Airpo",2
KNYG,38.51,-77.29,3.0,"Quantico, Marine Corps Air Facility",America/New_York,"Quantico, Marine Corps Air Facility",2
KBTR,30.54,-91.15,18.0,"Baton Rouge, Baton Rouge Metropolitan, Ryan Field",America/Chicago,Ryan Field,2
KRNO,39.48,-119.77,1350.0,"Reno, Reno Tahoe International Airport",America/Los_Angeles,"Reno, Reno Tahoe International Airport",2
KRTS,39.67,-119.88,1539.0,Reno/stead,America/Los_Angeles,Reno/stead,2
KAUO,32.62,-85.43,229.0,Auburn-Opelika Airport,America/Chicago,Auburn-Opelika Airport,2
KF44,32.16,-95.83,135.0,Athens Muni,America/Chicago,Athens Municipal Airport,2
KSMQ,40.62,-74.67,30.0,"Somerville, Somerset Airport",America/New_York,"Somerville, Somerset Airport",2
KW63,36.6,-78.57,122.0,Clarksville / Marks,America/New_York,Clarksville / Marks,2
KCXE,36.79,-78.5,153.0,Chase City Municipal Airport,America/New_York,Chase City Municipal Airport,2
KGSO,36.1,-79.94,271.0,"Greensboro, Piedmont Triad International Airport",America/New_York,"Greensboro, Piedmont Triad International Airport",2
KTTN,40.28,-74.82,61.0,"Trenton, Mercer County Airport",America/New_York,"Trenton, Mercer County Airport",2
KPIA,40.67,-89.68,198.0,"Peoria, Greater Peoria Regional Airport",America/Chicago,"Peoria, Greater Peoria Regional Airport",2
KTLH,30.39,-84.35,14.0,"Tallahassee, Tallahassee Regional Airport",America/New_York,"Tallahassee, Tallahassee Regional Airport",2
KORD,41.98,-87.9,202.0,"Chicago, Chicago-O'Hare International Airport",America/Chicago,"Chicago, Chicago-O'Hare International Airport",2
KPWK,42.12,-87.9,194.0,"Chicago / Wheeling, Pal-Waukee Airport",America/Chicago,"Chicago / Wheeling, Pal-Waukee Airport",2
KTME,29.81,-95.9,51.0,Houston Executive Airport,America/Chicago,Houston Executive Airport,2
KBDL,41.94,-72.68,45.0,"Windsor Locks, Bradley International Airport",America/New_York,"Windsor Locks, Bradley International Airport",2
KHFD,41.74,-72.65,13.0,"Hartford, Hartford-Brainard Airport",America/New_York,"Hartford, Hartford-Brainard Airport",2
KMHT,42.93,-71.44,68.0,"Manchester, Manchester Airport",America/New_York,"Manchester, Manchester Airport",2
KPIE,27.91,-82.69,2.0,"St. Petersburg / Clearwater, St. Petersburg / Clearwater Int",America/New_York,"St. Petersburg / Clearwater, St. Petersburg / Clearwater Int",2
KSPG,27.77,-82.63,1.0,"St. Petersburg, Whitted Airport",America/New_York,"St. Petersburg, Whitted Airport",2
KCHS,32.9,-80.04,9.0,"Charleston, Charleston Air Force Base",America/New_York,"Charleston, Charleston Air Force Base",2
KLRO,32.9,-79.78,4.0,Mt Pleasant Regional-Faison field,America/New_York,Mt Pleasant Regional-Faison field,2
KJZI,32.7,-80.0,5.0,Charleston Executive Airport,America/New_York,Charleston Executive Airport,2
KLIT,34.73,-92.24,83.0,"Little Rock, Adams Field",America/Chicago,"Little Rock, Adams Field",2
KLRF,34.92,-92.15,108.0,Little Rock Air Force Base,America/Chicago,Little Rock Air Force Base,2
KBMG,39.14,-86.62,268.0,"Bloomington, Monroe County Airport",America/New_York,"Bloomington, Monroe County Airport",2
KAPF,26.15,-81.77,3.0,"Naples, Naples Municipal Airport",America/New_York,"Naples, Naples Municipal Airport",2
KMKY,26.0,-81.67,2.0,Marco Island Airport,America/New_York,Marco Island Airport,2
KMMK,41.51,-72.83,32.0,"Meriden, Meriden Markham Municipal Airport",America/New_York,"Meriden, Meriden Markham Municipal Airport",2
KLBB,33.67,-101.82,990.0,"Lubbock, Lubbock International Airport",America/Chicago,"Lubbock, Lubbock International Airport",2
KCON,43.2,-71.5,91.0,"Concord, Concord Municipal Airport",America/New_York,"Concord, Concord Municipal Airport",2
PAED,61.25,-149.79,57.0,"Anchorage, Elmendorf Air Force Base",America/Anchorage,"Anchorage, Elmendorf Air Force Base",2
PAFR,61.27,-149.65,121.0,"Ft. Richardson / Bryant U. S. Army Heliport, Ak",America/Anchorage,"Ft. Richardson / Bryant U. S. Army Heliport, Ak",2
PALH,61.18,-149.97,23.0,"Anchorage, Lake Hood Seaplane Base",America/Anchorage,"Anchorage, Lake Hood Seaplane Base",2
PAMR,61.22,-149.85,31.0,"Anchorage, Merrill Field Airport",America/Anchorage,"Anchorage, Merrill Field Airport",2
PANC,61.17,-150.0,38.0,"Anchorage, Ted Stevens Anchorage International Airport",America/Anchorage,"Anchorage, Ted Stevens Anchorage International Airport",2
KCXY,40.22,-76.85,92.0,"Harrisburg, Capital City Airport",America/New_York,"Harrisburg, Capital City Airport",2
KMDT,40.19,-76.76,91.0,"Harrisburg, Harrisburg International Airport",America/New_York,"Harrisburg, Harrisburg International Airport",2
KCHA,35.03,-85.2,213.0,"Chattanooga, Lovell Field",America/New_York,"Chattanooga, Lovell Field",2
KSYR,43.11,-76.1,122.0,"Syracuse, Syracuse Hancock International Airport",America/New_York,"Syracuse, Syracuse Hancock International Airport",2
KPAE,47.92,-122.28,161.0,"Everett, Snohomish County Airport",America/Los_Angeles,"Everett, Snohomish County Airport",2
KBTV,44.47,-73.15,94.0,"Burlington, Burlington International Airport",America/New_York,"Burlington, Burlington International Airport",2
KISM,28.29,-81.44,22.0,"Orlando, Kissimmee Municipal Airport",America/New_York,"Orlando, Kissimmee Municipal Airport",2
KMUI,40.43,-76.57,152.0,Muir Army Air Field / Indiantown,America/New_York,Muir Army Air Field / Indiantown,2
KFMY,26.58,-81.86,2.0,"Fort Myers, Page Field",America/New_York,"Fort Myers, Page Field",2
KRSW,26.53,-81.77,5.0,"Fort Myers, Southwest Florida International Airport",America/New_York,"Fort Myers, Southwest Florida International Airport",3
KBFL,35.43,-119.06,147.0,"Bakersfield, Meadows Field Airport",America/Los_Angeles,"Bakersfield, Meadows Field Airport",3
KSMD,41.14,-85.15,255.0,Smith Field,America/New_York,Smith Field,3
KFWA,40.98,-85.2,238.0,"Fort Wayne, Fort Wayne International Airport",America/New_York,"Fort Wayne, Fort Wayne International Airport",3
KLAN,42.78,-84.58,258.0,"Lansing, Capital City Airport",America/New_York,"Lansing, Capital City Airport",3
KAHN,33.95,-83.33,243.0,"Athens, Athens Airport",America/New_York,"Athens, Athens Airport",3
KSUA,27.18,-80.22,4.0,"Stuart, Witham Field Airport",America/New_York,"Stuart, Witham Field Airport",3
KAPA,39.56,-104.85,1770.0,"Denver, Centennial Airport",America/Denver,"Denver, Centennial Airport",3
KAGS,33.36,-81.96,38.0,"Augusta, Bush Field",America/New_York,"Augusta, Bush Field",3
KDNL,33.47,-82.04,127.0,"Augusta, Daniel Field",America/New_York,"Augusta, Daniel Field",3
KOJC,38.85,-94.74,314.0,"Olathe, Johnson County Executive Airport",America/Chicago,"Olathe, Johnson County Executive Airport",3
KLZU,33.98,-83.96,317.0,"Lawrenceville, Gwinnett County-Briscoe Field Airport",America/New_York,"Lawrenceville, Gwinnett County-Briscoe Field Airport",3
KDLH,46.84,-92.23,443.0,"Duluth, Duluth International Airport",America/Chicago,"Duluth, Duluth International Airport",3
KDYT,46.72,-92.04,183.0,"Duluth, Sky Harbor Airport",America/Chicago,"Duluth, Sky Harbor Airport",3
KSUW,46.69,-92.09,204.0,"Superior, Richard I. Bong Airport",America/Chicago,"Superior, Richard I. Bong Airport",3
KLVN,44.63,-93.23,293.0,"Minneapolis, Airlake Airport",America/Chicago,"Minneapolis, Airlake Airport",3
KGAI,39.17,-77.17,164.0,Montgomery County Airpark,America/New_York,Montgomery County Airpark,3
KPBI,26.68,-80.1,6.0,"West Palm Beach, Palm Beach International Airport",America/New_York,"West Palm Beach, Palm Beach International Airport",3
KLNA,26.59,-80.09,4.0,Palm Beach County Park Airport,America/New_York,Palm Beach County Park Airport,3
KEZF,38.27,-77.45,15.0,"Fredericksburg, Shannon Airport",America/New_York,"Fredericksburg, Shannon Airport",3
KRMN,38.4,-77.46,44.0,"Stafford, Stafford Regional Airport",America/New_York,"Stafford, Stafford Regional Airport",3
KCPK,36.67,-76.32,5.0,"Chesapeake, Chesapeake Municipal Airport",America/New_York,"Chesapeake, Chesapeake Municipal Airport",3
KNGU,36.93,-76.3,3.0,"Norfolk, Naval Air Station",America/New_York,"Norfolk, Naval Air Station",3
KPVG,36.78,-76.45,7.0,Hampton Roads Executive Airport,America/New_York,Hampton Roads Executive Airport,3
KCOF,28.23,-80.6,3.0,Cocoa / Patrick Air Force Base,America/New_York,Cocoa / Patrick Air Force Base,3
KMLB,28.1,-80.65,7.0,"Melbourne, Melbourne International Airport",America/New_York,"Melbourne, Melbourne International Airport",3
KCLW,27.98,-82.76,22.0,Clearwater Air Park,America/New_York,Clearwater Air Park,3
KMEI,32.34,-88.75,89.0,"Meridian, Key Field",America/Chicago,"Meridian, Key Field",3
KDNV,40.2,-87.6,204.0,"Danville, Vermilion County Airport",America/Chicago,"Danville, Vermilion County Airport",3
KLHQ,39.76,-82.66,269.0,"Lancaster, Fairfield County Airport",America/New_York,"Lancaster, Fairfield County Airport",3
KCAK,40.92,-81.44,365.0,"Akron, Akron-Canton Regional Airport",America/New_York,"Akron, Akron-Canton Regional Airport",3
KAKR,41.04,-81.46,320.0,"Akron, Akron Fulton International Airport",America/New_York,"Akron, Akron Fulton International Airport",3
KROG,36.37,-94.1,407.0,"Rogers, Rogers Municipal Airport-Carter Field",America/Chicago,"Rogers, Rogers Municipal Airport-Carter Field",3
KVBT,36.35,-94.22,394.0,"Bentonville, Bentonville Municipal Airport/Louise M Thaden F",America/Chicago,"Bentonville, Bentonville Municipal Airport/Louise M Thaden F",3
KXNA,36.28,-94.31,388.0,"Fayetteville/Springdale, Northwest Arkansas Regional Airport",America/Chicago,"Fayetteville/Springdale, Northwest Arkansas Regional Airport",3
KBOW,27.95,-81.78,38.0,Bartow Municipal,America/New_York,Bartow Municipal,3
KGIF,28.06,-81.76,39.0,"Winter Haven, Winter Haven's Gilbert Airport",America/New_York,KGIF,3
KLAL,27.98,-82.02,39.0,Lakeland Regional,America/New_York,Lakeland Linder Regional Airport,3
KARB,42.22,-83.74,243.0,"Ann Arbor, Ann Arbor Municipal Airport",America/New_York,"Ann Arbor, Ann Arbor Municipal Airport",3
KYIP,42.24,-83.53,217.0,"Detroit, Willow Run Airport",America/New_York,"Detroit, Willow Run Airport",3
KBED,42.47,-71.29,42.0,"Bedford, Hanscom Field",America/New_York,"Bedford, Hanscom Field",3
KSCK,37.89,-121.22,8.0,"Stockton, Stockton Metropolitan Airport",America/Los_Angeles,"Stockton, Stockton Metropolitan Airport",3
KGRB,44.48,-88.14,209.0,"Green Bay, Austin Straubel International Airport",America/Chicago,"Green Bay, Austin Straubel International Airport",3
KROA,37.32,-79.97,335.0,"Roanoke, Roanoke Regional Airport",America/New_York,"Roanoke, Roanoke Regional Airport",3
KLVK,37.69,-121.81,122.0,"Livermore, Livermore Municipal Airport",America/Los_Angeles,"Livermore, Livermore Municipal Airport",3
KLHM,38.91,-121.35,37.0,Lincoln Regional Karl Harder Field,America/Los_Angeles,Lincoln Regional Karl Harder Field,3
KPTK,42.66,-83.41,296.0,"Pontiac, Oakland County International Airport",America/New_York,"Pontiac, Oakland County International Airport",3
ZSQD,36.07,120.33,60.0,Qingdao,Asia/Shanghai,Qingdao,3
c101120202,36.13,120.52,54.0,崂山,Asia/Shanghai,崂山,3
c101120201,36.07,120.33,76.0,青岛,Asia/Shanghai,青岛,3
ZUGY,26.58,106.72,1078.0,Guiyang,Asia/Shanghai,Guiyang,3
c101260101,26.58,106.73,1223.8,贵阳,Asia/Shanghai,贵阳,3
c101260102,26.67,106.65,1323.0,白云,Asia/Shanghai,白云,3
c101260103,26.42,106.67,1149.0,花溪,Asia/Shanghai,花溪,3
c101260104,26.63,106.77,1104.0,乌当,Asia/Shanghai,乌当,3
ZSNJ,31.93333,118.9,1.0,Nanjing,Asia/Shanghai,Nanjing,3
c101190101,31.93,118.9,35.2,南京,Asia/Shanghai,南京,3
c101190401,31.42,120.57,8.0,苏州,Asia/Shanghai,苏州,3
c101190407,31.13,120.62,4.7,吴江,Asia/Shanghai,吴江,3
ZBAA,39.93,116.28,66.0,Beijing,Asia/Shanghai,Beijing,3
c101010200,39.98,116.28,45.8,海淀,Asia/Shanghai,海淀,3
c101010300,39.95,116.5,35.3,朝阳,Asia/Shanghai,朝阳,3
c101011400,39.88,116.15,85.5,门头沟,Asia/Shanghai,门头沟,3
c101011000,39.95,116.2,63.0,石景山,Asia/Shanghai,石景山,3
c101010900,39.87,116.25,55.2,丰台,Asia/Shanghai,丰台,3
c101011200,39.77,116.2,48.9,房山,Asia/Shanghai,房山,3
c101010100,39.8,116.47,31.3,北京,Asia/Shanghai,北京,3
ZGGG,23.39244,113.29879,21.0,Guangzhou,Asia/Shanghai,Guangzhou,3
c101280105,23.42,113.23,38.9,花都,Asia/Shanghai,花都,3
c101280601,22.53,114.0,63.0,深圳,Asia/Shanghai,深圳,3
ZGKL,25.33,110.3,147.0,Guilin,Asia/Shanghai,Guilin,3
c101300505,25.23,110.15,222.5,临桂,Asia/Shanghai,临桂,3
c101300502,25.42,110.32,167.9,灵川,Asia/Shanghai,灵川,3
c101300501,25.32,110.3,164.4,桂林,Asia/Shanghai,桂林,3
c101280701,22.28,113.57,51.4,珠海,Asia/Shanghai,珠海,3
ZSSS,31.19787,121.33632,5.0,Shanghai / Hongqiao,Asia/Shanghai,Shanghai / Hongqiao,3
c101020200,31.1,121.37,5.5,闵行,Asia/Shanghai,闵行,3
c101020300,31.4,121.45,5.5,宝山,Asia/Shanghai,宝山,3
c101020100,31.2,121.43,4.6,徐家汇,Asia/Shanghai,徐家汇,3
c101020600,31.23,121.53,4.4,浦东,Asia/Shanghai,浦东,3
c101280102,22.93,113.32,12.2,番禺,Asia/Shanghai,番禺,3
c101300504,24.98,110.0,156.8,永福,Asia/Shanghai,永福,3
c101300506,25.62,110.67,224.0,兴安,Asia/Shanghai,兴安,3
c101190404,31.4,121.0,3.2,昆山,Asia/Shanghai,昆山,3
c101020500,31.38,121.2,6.5,嘉定,Asia/Shanghai,嘉定,3
c101190408,31.52,121.1,5.7,太仓,Asia/Shanghai,太仓,3
ZSHC,30.23,120.17,16.0,Hangzhou,Asia/Shanghai,Hangzhou,3
c101210101,30.23,120.17,41.7,杭州,Asia/Shanghai,杭州,3
c101210102,30.18,120.28,96.5,萧山,Asia/Shanghai,萧山,3
c101281601,22.97,113.73,56.0,东莞,Asia/Shanghai,东莞,3
ZUUU,30.58333,103.95,535.0,Chengdu,Asia/Shanghai,Chengdu,3
c101270106,30.58,103.92,494.6,双流,Asia/Shanghai,双流,3
c101270103,30.78,104.18,514.5,新都,Asia/Shanghai,新都,3
c101270102,30.62,104.27,505.3,龙泉驿,Asia/Shanghai,龙泉驿,3
c101270104,30.75,103.87,547.7,温江,Asia/Shanghai,温江,3
c101190107,32.07,118.58,46.6,浦口,Asia/Shanghai,浦口,3
ZHCC,34.72,113.65,112.0,Zhengzhou,Asia/Shanghai,Zhengzhou,3
c101180103,34.8,113.43,140.9,荥阳,Asia/Shanghai,荥阳,3
c101180101,34.72,113.65,110.4,郑州,Asia/Shanghai,郑州,3
ZHHH,30.62,114.13,14.0,Wuhan,Asia/Shanghai,Wuhan,3
ZGHA,28.18916,113.21963,70.0,Changsha,Asia/Shanghai,Changsha,3
c101250106,28.22,113.2,101.4,马坡岭,Asia/Shanghai,马坡岭,3
ZSOF,31.78333,117.3,24.0,Hefei,Asia/Shanghai,Hefei,3
c101220104,31.73,117.13,21.8,肥西,Asia/Shanghai,肥西,3
c101220101,31.78,117.3,27.0,合肥,Asia/Shanghai,合肥,3
c101110103,34.43,108.97,410.0,泾河,Asia/Shanghai,泾河,3
c101120101,36.6,117.0,170.3,济南,Asia/Shanghai,济南,3
ZGSZ,22.63926,113.81066,2.0,Shenzhen,Asia/Shanghai,Shenzhen,3
c101042500,29.98,108.12,632.3,石柱,Asia/Shanghai,石柱,3
c101080601,42.3,118.83,668.6,赤峰,Asia/Shanghai,赤峰,3
c101220103,31.88,117.47,25.0,肥东,Asia/Shanghai,肥东,3
c101070501,41.3,123.78,185.4,本溪,Asia/Shanghai,本溪,3
c101020900,31.02,121.18,8.1,松江,Asia/Shanghai,松江,3
c101230103,26.15,119.15,57.8,闽侯,Asia/Shanghai,闽侯,3
c101230101,26.08,119.28,84.0,福州,Asia/Shanghai,福州,3
c101300110,22.78,108.55,152.0,南宁,Asia/Shanghai,南宁,3
c101300103,22.77,108.48,74.7,邕宁,Asia/Shanghai,邕宁,3
c101090103,38.15,114.57,71.0,正定,Asia/Shanghai,正定,3
c101090104,37.88,114.63,52.9,栾城,Asia/Shanghai,栾城,4
c101280801,22.85,113.25,21.4,顺德,Asia/Shanghai,顺德,4
c101240401,27.9,116.27,73.7,临川,Asia/Shanghai,临川,4
c101240101,28.6,115.92,46.9,南昌,Asia/Shanghai,南昌,4
c101240103,28.55,115.95,31.9,南昌县,Asia/Shanghai,南昌县,4
c101240102,28.7,115.83,40.0,新建,Asia/Shanghai,新建,4
ZUCK,29.71667,106.63333,310.0,Chongqing,Asia/Shanghai,Chongqing,4
c101040700,29.73,106.62,464.7,渝北,Asia/Shanghai,渝北,4
c101040100,29.58,106.47,259.1,沙坪坝,Asia/Shanghai,沙坪坝,4
c101300701,24.42,111.5,148.7,贺州,Asia/Shanghai,贺州,4
ZBTJ,39.18,117.35,2.0,Tianjin / Zhangguizhu,Asia/Shanghai,Tianjin / Zhangguizhu,4
c101030100,39.08,117.33,1.9,东丽,Asia/Shanghai,东丽,4
c101030500,39.08,117.05,3.5,西青,Asia/Shanghai,西青,4
c101030600,39.23,117.13,3.4,北辰,Asia/Shanghai,北辰,4
c101011100,39.72,116.35,37.5,大兴,Asia/Shanghai,大兴,4
ZPPP,24.99236,102.74354,1898.0,Kunming,Asia/Shanghai,Kunming,4
c101290101,25.0,102.65,1888.1,昆明,Asia/Shanghai,昆明,4
c101290108,24.9,102.82,1976.6,呈贡,Asia/Shanghai,呈贡,4
c101190201,31.62,120.35,3.2,无锡,Asia/Shanghai,无锡,4
ZYTX,41.8,123.4,46.0,Shenyang / Taokian,Asia/Shanghai,Shenyang / Taokian,4
c101070101,41.73,123.52,49.0,沈阳,Asia/Shanghai,沈阳,4
c101280800,23.15,113.02,30.1,南海,Asia/Shanghai,南海,4
c101260107,26.83,106.6,1296.7,修文,Asia/Shanghai,修文,4
c101190501,32.08,120.98,4.8,南通,Asia/Shanghai,南通,4
ZYCC,43.9,125.22,229.0,Changchun,Asia/Shanghai,Changchun,4
c101060101,43.9,125.22,236.8,长春,Asia/Shanghai,长春,4
c101020800,31.13,121.12,4.0,青浦,Asia/Shanghai,青浦,4
c101270110,30.45,103.82,467.0,新津,Asia/Shanghai,新津,4
c101010700,40.22,116.22,76.2,昌平,Asia/Shanghai,昌平,4
ZSAM,24.48,118.08,1.0,Xiamen,Asia/Shanghai,Xiamen,4
c101230201,24.48,118.07,139.4,厦门,Asia/Shanghai,厦门,4
c101200201,32.0,112.08,163.4,襄阳,Asia/Shanghai,襄阳,4
ZBYN,37.78,112.55,747.0,Taiyuan,Asia/Shanghai,Taiyuan,4
c101100106,37.93,112.48,806.5,尖草坪,Asia/Shanghai,尖草坪,4
c101100101,37.75,112.55,776.2,小店,Asia/Shanghai,小店,4
ZBHH,40.85,111.81667,1093.0,Hohhot,Asia/Shanghai,Hohhot,4
c101080106,40.75,111.7,1045.4,呼和浩特郊区站,Asia/Shanghai,呼和浩特郊区站,4
ZSNB,29.83,121.46,4.0,Ningbo Lishe International Airport,Asia/Shanghai,Ningbo Lishe International Airport,4
c101210412,29.98,121.6,4.0,镇海,Asia/Shanghai,镇海,4
c101210401,29.8,121.5,6.2,鄞州,Asia/Shanghai,鄞州,4
c101210410,29.88,121.83,5.0,北仑,Asia/Shanghai,北仑,4
c101280302,23.18,114.25,50.2,博罗,Asia/Shanghai,博罗,4
c101280303,23.07,114.37,108.5,惠阳,Asia/Shanghai,惠阳,4
c101100401,37.68,112.77,831.2,榆次,Asia/Shanghai,榆次,4
c101270107,30.82,103.88,558.5,郫县,Asia/Shanghai,郫县,4
ZYTL,38.9,121.63,105.0,Dalian,Asia/Shanghai,Dalian,4
c101070201,38.9,121.63,91.5,大连,Asia/Shanghai,大连,4
c101110404,38.03,110.48,894.4,佳县,Asia/Shanghai,佳县,4
c101161301,36.55,104.15,1736.7,白银,Asia/Shanghai,白银,4
c101271401,29.57,103.75,424.2,乐山,Asia/Shanghai,乐山,4
c101210904,29.33,120.08,90.0,义乌,Asia/Shanghai,义乌,4
c101210905,29.27,120.22,89.9,东阳,Asia/Shanghai,东阳,4
c101100504,36.33,113.23,947.6,潞城,Asia/Shanghai,潞城,4
c101100501,36.07,113.03,1046.9,长治,Asia/Shanghai,长治,4
c101100511,36.12,113.2,1122.0,壶关,Asia/Shanghai,壶关,4
c101031100,39.05,117.72,4.8,塘沽,Asia/Shanghai,塘沽,4
c101050501,46.62,126.97,179.6,北林,Asia/Shanghai,北林,4
c101190605,32.45,119.58,5.2,江都,Asia/Shanghai,江都,4
c101190601,32.42,119.42,9.9,扬州,Asia/Shanghai,扬州,4
c101240701,25.87,115.0,137.5,赣县,Asia/Shanghai,赣县,4
RJAI,35.73,139.92,14.0,Ichikawa,Asia/Tokyo,Ichikawa,4
RJTI,35.63,139.85,5.0,Tokyo Heliport,Asia/Tokyo,Tokyo Heliport,4
RJTL,35.8,140.02,20.0,Shimofusa Ab,Asia/Tokyo,Shimofusa Ab,4
RJOY,34.6,135.6,12.0,Yao Airport,Asia/Tokyo,Yao Airport,4
RJOO,34.78,135.45,7.0,Osaka International Airport,Asia/Tokyo,Osaka International Airport,4
RJTC,35.7,139.4,70.0,Tachikawa Ab,Asia/Tokyo,Tachikawa Air Base,4
RJTR,35.52,139.4,83.0,Zama Airfield,Asia/Tokyo,Zama Ab,4
RJTT,35.55,139.78,1.0,Tokyo International Airport,Asia/Tokyo,Tokyo International Airport,4
RJTF,35.67,139.53,40.0,Chofu Airport,Asia/Tokyo,Chofu Airport,4
RKSS,37.55,126.8,15.0,Seoul / Kimp'O International Airport,Asia/Seoul,Seoul / Kimp'O International Airport,4
RKSF,37.5,126.93,33.0,Seoul / Yongdungp'O Rokaf Wc,Asia/Seoul,Seoul / Yongdungp'O Rokaf Wc,4
RKSM,37.43,127.12,27.0,Seoul E Ab,Asia/Seoul,Seoul E Ab,4
RKSY,37.52,126.98,14.0,Yongsan / H-208 Hp,Asia/Seoul,Yongsan / H-208 Hp,4
47159,35.1,129.03,3.0,BUSAN,Asia/Seoul,BUSAN,4
RKPK,35.18,128.93,3.0,Pusan / Kimhae International Airport,Asia/Seoul,Pusan / Kimhae International Airport,4
RJFF,33.58,130.45,9.0,Fukuoka Airport,Asia/Tokyo,Fukuoka Airport,4
RJCO,43.12,141.38,5.0,Sapporo Ab,Asia/Tokyo,Sapporo Airport,4
KQTA,35.45,139.47,50.0,ATSUGI,Asia/Tokyo,ATSUGI,4
RJBE,34.63,135.22,7.0,Kobe Airport,Asia/Tokyo,Kobe Airport,4
47143,35.88,128.62,51.0,DAEGU,Asia/Seoul,DAEGU,4
RKTN,35.9,128.65,33.0,Taegu Ab,Asia/Seoul,Taegu Airport,4
RKSO,37.1,127.03,9.0,Osan Ab,Asia/Seoul,Osan Ab,4
RKSW,37.25,127.0,19.0,Suwon Ab,Asia/Seoul,Suwon Ab,4
47133,36.37,127.37,31.0,DAEJEON,Asia/Seoul,DAEJEON,4
RKTE,36.4,127.5,72.0,Songmu Ab,Asia/Seoul,Songmu Ab,4
RKTF,36.3,127.4,161.0,Taejon,Asia/Seoul,Taejon,4
RKSD,37.35,127.27,171.0,Maesanri,Asia/Seoul,Maesanri,4
RJOB,34.75,133.85,200.0,Okayama Airport,Asia/Tokyo,Okayama Airport,4
RJSS,38.13,140.92,2.0,Sendai Airport,Asia/Tokyo,Sendai Airport,4
RJSU,38.23,140.92,8.0,Kasuminome Ab,Asia/Tokyo,Kasuminome Ab,4
RJTU,36.52,139.87,99.0,Utsunomiya Ab,Asia/Tokyo,Utsunomiya Ab,4
47152,35.55,129.32,6.0,ULSAN,Asia/Seoul,ULSAN,4
RJNY,34.82,138.3,6.0,Shizuhama Ab,Asia/Tokyo,Shizuhama Airport,4
RJNS,34.8,138.19,123.0,Shizuoka,Asia/Tokyo,Shizuoka,4
RJOM,33.82,132.7,18.0,Matsuyama Airport,Asia/Tokyo,Matsuyama Airport,4
RJTY,35.75,139.35,132.0,Yokota Ab,Asia/Tokyo,Yokota Ab,4
RJNT,36.65,137.18,25.0,Toyama Airport,Asia/Tokyo,Toyama Airport,4
RJAF,36.17,137.93,650.0,Matsumoto Airport,Asia/Tokyo,Matsumoto Airport,4
RKSG,36.93,127.0,1.0,Pyongtaek Ab,Asia/Seoul,Pyongtaek Ab,4
RKTU,36.7,127.5,50.0,Chongju Ab,Asia/Seoul,Chongju Ab,4
RJOT,34.22,134.02,194.0,Takamatsu Airport,Asia/Tokyo,Takamatsu Airport,4
RJAH,36.18,140.42,30.0,Hyakuri Ab,Asia/Tokyo,Hyakuri Ab,4
RKPC,33.5,126.5,60.0,Cheju International Airport,Asia/Seoul,Cheju International Airport,4
47098,37.9,127.07,130.0,DONGDUCHEON,Asia/Seoul,DONGDUCHEON,4
RJSK,39.62,140.22,98.0,Akita Airport,Asia/Tokyo,Akita Airport,4
RJBD,33.67,135.35,99.0,Nankishirahama Airport,Asia/Tokyo,Nankishirahama Airport,4
RJAK,36.03,140.2,21.0,Kasumigaura Ab,Asia/Tokyo,Kasumigaura Ab,4
47154,36.12,128.32,48.0,GUMI,Asia/Seoul,GUMI,4
94766,-33.9,151.12,1.0,CANTERBURY RACECOURSE,Australia/Sydney,CANTERBURY RACECOURSE,4
94767,-33.93,151.17,1.0,SYDNEY AIRPORT AMO,Australia/Sydney,SYDNEY AIRPORT AMO,4
94768,-33.85,151.2,40.0,SYDNEY REGIONAL OFFICE,Australia/Sydney,SYDNEY REGIONAL OFFICE,4
95761,-33.83,151.28,25.0,SOUTH HEAD,Australia/Sydney,SOUTH HEAD,4
95765,-33.85,151.07,1.0,HOMEBUSH (OLYMPIC STADIUM),Australia/Sydney,HOMEBUSH (OLYMPIC STADIUM),4
YSSY,-33.95,151.18,6.0,Sydney Airport,Australia/Sydney,Sydney Airport,4
94865,-37.87,144.75,12.0,LAVERTON RAAF,Australia/Sydney,LAVERTON RAAF,4
94866,-37.67,144.83,116.0,MELBOURNE AIRPORT,Australia/Sydney,MELBOURNE AIRPORT,4
95866,-37.73,144.9,100.0,ESSENDON AIRPORT,Australia/Sydney,ESSENDON AIRPORT,4
95874,-37.73,145.1,152.0,VIEWBANK (ARPNSA),Australia/Sydney,VIEWBANK (ARPNSA),4
95936,-37.8256,144.9817,8.0,MELBOURNE (OLYMPIC PARK),Australia/Sydney,MELBOURNE (OLYMPIC PARK),5
YMML,-37.67,144.83,116.0,Melbourne Airport,Australia/Sydney,Melbourne Airport,5
94759,-33.68,151.23,157.0,TERREY HILLS AWS,Australia/Sydney,TERREY HILLS,5
94575,-27.57,153.0,60.0,ARCHERFIELD AIRPORT,Australia/Brisbane,ARCHERFIELD AIRPORT,5
94576,-27.48,153.03,16.0,BRISBANE CENTRAL,Australia/Brisbane,BRISBANE CENTRAL,5
94578,-27.38,153.13,1.0,BRISBANE AERO,Australia/Brisbane,BRISBANE Airport,5
YBBN,-27.38,153.1,2.0,Brisbane Airport M. O,Australia/Brisbane,Brisbane Airport,5
94608,-31.92,115.87,50.0,MOUNT LAWLEY PERTH METRO AWS,Australia/Perth,MOUNT LAWLEY PERTH,5
94609,-32.1,115.88,88.0,JANDAKOT AERO,Australia/Perth,JANDAKOT AERO,5
94610,-31.93,115.97,98.0,PERTH AIRPORT,Australia/Perth,PERTH AIRPORT,5
94614,-31.95,115.77,7.0,SWANBOURNE,Australia/Perth,SWANBOURNE,5
YPPH,-31.93,115.95,90.0,Belmont Perth Airport,Australia/Perth,Belmont Perth Airport,5
YPJT,-32.1,115.88,30.0,Perth Jandakot Airport,Australia/Perth,Perth Jandakot Airport,5
94672,-34.95,138.53,11.0,ADELAIDE AIRPORT,Australia/Adelaide,ADELAIDE AIRPORT,5
95677,-34.78,138.63,49.0,PARAFIELD AIRPORT,Australia/Adelaide,PARAFIELD AIRPORT,5
95678,-34.97,138.7,312.0,MT LOFTY AWS,Australia/Adelaide,MT LOFTY AWS,5
YPAD,-34.93,138.52,7.0,Adelaide Airport,Australia/Adelaide,Adelaide Airport,5
SBMT,-23.52,-46.63,634.0,Marte Civ / Mil,America/Sao_Paulo,Marte Civ / Mil,5
SBSP,-23.62,-46.65,667.0,Sao Paulo/Congonhas Aeroporto,America/Sao_Paulo,Sao Paulo/Congonhas Aeroporto,5
SBAF,-22.87,-43.37,119.0,Afonsos Aeroporto,America/Sao_Paulo,Afonsos Aeroporto,5
SBGL,-22.82,-43.25,1.0,Galeao,America/Sao_Paulo,Galeao,5
SBJR,-22.98,-43.37,9.0,Rio / Jacarepagua,America/Sao_Paulo,Rio / Jacarepagua,5
SBRJ,-22.9,-43.17,3.0,Rio De Janeiro Aeroporto,America/Sao_Paulo,Rio De Janeiro Aeroporto,5
SBBH,-19.85,-43.95,851.0,Belo Horizonte Aeroporto,America/Sao_Paulo,Belo Horizonte Aeroporto,5
SBCF,-19.93,-43.93,929.0,Belo Horizonte,America/Sao_Paulo,Belo Horizonte,5
SBPR,-19.91,-43.99,928.0,Carlos Prates Airport,America/Sao_Paulo,Carlos Prates Airport,5
SBBI,-25.43,-49.27,913.0,Curitiba,America/Sao_Paulo,Curitiba,5
SBCT,-25.52,-49.17,914.0,Curitiba Aeroporto,America/Sao_Paulo,Curitiba Aeroporto,5
SBKP,-23.0,-47.13,645.0,Campinas Aeroporto,America/Sao_Paulo,Campinas Aeroporto,5
SBFZ,-3.78,-38.53,20.0,Fortaleza / pinto Martins,America/Fortaleza,Fortaleza / pinto Martins,5
SBCO,-30.02,-51.22,1.0,Porto Alegre,America/Sao_Paulo,Porto Alegre,5
SBPA,-30.0,-51.18,34.0,Porto Alegre Aero-Porto,America/Sao_Paulo,Porto Alegre Aero-Porto,5
SBGO,-16.63,-49.22,747.0,Goiania Aeroporto,America/Sao_Paulo,Goiania Aeroporto,5
SBRF,-8.07,-34.85,19.0,Recife Aeroporto,America/Recife,Recife Aeroporto,5
SBEG,-3.03,-60.05,49.0,Eduardo Gomes International,America/Manaus,Eduardo Gomes International,5
SBMN,-3.15,-59.98,34.0,Manaus Aeroporto,America/Manaus,Manaus Aeroporto,5
SBGR,-23.43,-46.47,808.0,Guarulhos Civ / Mil,America/Sao_Paulo,Guarulhos Civ / Mil,5
SBBE,-1.38,-48.48,2.0,Belem Aeroporto,America/Fortaleza,Belem Aeroporto,5
SBRP,-21.13,-47.78,575.0,Leite Lopes / Ribeir,America/Sao_Paulo,Leite Lopes / Ribeir,5
SBSJ,-23.23,-45.87,596.0,Sao Jose Dos Campo,America/Sao_Paulo,Sao Jose Dos Campo,5
SBUL,-18.88,-48.23,642.0,Uberlandia,America/Sao_Paulo,Uberlandia,5
SBFL,-27.67,-48.55,26.0,Florianopolis Aeroporto,America/Sao_Paulo,Florianopolis Aeroporto,5
SBCG,-20.47,-54.67,567.0,Campo Grande Aeroporto,America/Campo_Grande,Campo Grande Airport,5
SBSL,-2.6,-44.23,7.0,Sao Luiz Aeroporto,America/Fortaleza,Sao Luiz Aeroporto,5
SBCY,-15.65,-56.1,187.0,Cuiaba Aeroporto,America/Cuiaba,Cuiaba Aeroporto,5
SBNT,-5.92,-35.25,21.0,Natal Aeroporto,America/Fortaleza,Natal Aeroporto,5
SBMG,-23.42,-51.95,542.0,Maringa,America/Sao_Paulo,Maringa,5
98425,14.58,120.98,1.0,MANILA,Asia/Manila,MANILA,5
RPLL,14.52,121.0,12.0,Ninoy Aquino Inter-National Airport,Asia/Manila,Ninoy Aquino Inter-National Airport,5
48564,7.88,98.4,9.0,PHUKET,Asia/Bangkok,PHUKET,5
VVTS,10.82,106.67,7.0,Ho Chi Minh,Asia/Ho_Chi_Minh,Ho Chi Minh,5
VVNB,21.02,105.8,16.0,Ha Noi,Asia/Ho_Chi_Minh,Ha Noi,5
48453,13.67,100.6,3.0,BANGNA AGROMET,Asia/Bangkok,BANGNA AGROMET,5
48454,13.7,100.57,2.0,BANGKOK PORT,Asia/Bangkok,BANGKOK PORT,5
48455,13.73,100.57,2.0,BANGKOK,Asia/Bangkok,BANGKOK,5
48461,12.92,100.87,14.0,PHATTHAYA,Asia/Bangkok,PHATTHAYA,5
48463,13.08,100.88,82.0,LAEM CHABANG,Asia/Bangkok,LAEM CHABANG,5
WMSA,3.12,101.53,86.0,Subang/Sultan Abdul Aziz Shah Airport,Asia/Kuala_Lumpur,Subang/Sultan Abdul Aziz Shah Airport,5
48456,13.92,100.6,2.0,DON MUANG,Asia/Bangkok,DON MUANG,5
VTBD,13.92,100.6,2.0,Don Muang,Asia/Bangkok,Don Muang,5
RPMD,7.12,125.65,2.0,Davao Airport,Asia/Manila,Davao Airport,5
98646,10.3,123.97,5.0,MACTAN,Asia/Manila,MACTAN,5
RPVM,10.31667,123.98333,21.0,Masbate,Asia/Manila,Masbate,5
VDPP,11.55,104.85,18.0,Phnom-Penh / Pochentong,Asia/Phnom_Penh,Phnom-Penh / Pochentong,5
48327,18.78,98.97,295.0,CHIANG MAI,Asia/Bangkok,CHIANG MAI,5
VTCC,18.78,98.98,293.0,Chiang Mai,Asia/Bangkok,Chiang Mai,5
WMKJ,1.63,103.67,23.0,Johore Bharu / Senai,Asia/Kuala_Lumpur,Johore Bharu / Senai,5
WBGG,1.48,110.33,65.0,Kuching,Asia/Kuching,Kuching,5
MMCL,24.76667,-107.46667,45.0,"Culiacan, Sin.",America/Mexico_City,"Culiacan, Sin.",5
MMMX,19.43,-99.1,2211.0,Mexico City / Licenci,America/Mexico_City,Mexico City / Licenci,5
MMUN,21.03,-86.87,1.0,Cancun International Airport,America/Mexico_City,Cancun International Airport,5
76612,20.7,-103.38,1566.0,"GUADALAJARA, JAL.",America/Mexico_City,"GUADALAJARA, JAL.",5
MMGL,20.52,-103.32,1569.0,Don Miguel / Guadalaj,America/Mexico_City,Don Miguel / Guadalaj,5
76393,25.73,-100.3,513.0,"MONTERREY, N.L.",America/Mexico_City,"MONTERREY, N.L.",5
76625,20.58,-100.4,1841.0,"QUERETARO, QRO.",America/Mexico_City,"QUERETARO, QRO.",5
MMQT,20.6,-100.38,1868.0,"Queretaro, Qro.",America/Mexico_City,"Queretaro, Qro.",5
76685,19.05,-98.17,2184.0,"PUEBLA, PUE.",America/Mexico_City,"PUEBLA, PUE.",5
MMPB,19.05,-98.17,2184.0,"Puebla, Pue.",America/Mexico_City,"Puebla, Pue.",5
76644,20.95,-89.65,11.0,"AEROP.INTERNACIONAL MERIDA, YUC",America/Mexico_City,"AEROP.INTERNACIONAL MERIDA, YUC",5
MMMD,20.93,-89.65,12.0,Merida / lic Manuel Crecencio,America/Mexico_City,Merida / lic Manuel Crecencio,5
MMLO,21.0,-101.48,1813.0,Del Bajio / Leon,America/Mexico_City,Del Bajio / Leon,5
76843,16.75,-93.13,584.0,"TUXTLA GUTIERREZ,  CHIS.",America/Mexico_City,"TUXTLA GUTIERREZ,  CHIS.",5
MMTG,16.75,-93.12,571.0,"Tuxtla Gutierrez, Chis.",America/Mexico_City,"Tuxtla Gutierrez, Chis.",5
MMAN,25.87,-100.23,439.0,"Aerop. Internacional Monterrey, N. L.",America/Mexico_City,"Aerop. Internacional Monterrey, N. L.",5
MMMY,25.78,-100.1,374.0,Monterrey / Gen Maria,America/Mexico_City,Monterrey / Gen Maria,5
76675,19.28,-99.7,2751.0,"TOLUCA, MEX.",America/Mexico_City,"TOLUCA, MEX.",5
MMTO,19.35,-99.57,2572.0,Toluca / Jose Maria,America/Mexico_City,Toluca / Jose Maria,5
76687,19.5,-96.9,1400.0,"JALAPA, VER.",America/Mexico_City,"JALAPA, VER.",5
76743,17.98,-92.93,10.0,"VILLAHERMOSA, TAB.",America/Mexico_City,"VILLAHERMOSA, TAB.",5
MMVA,18.0,-92.82,10.0,Villahermosa,America/Mexico_City,Villahermosa,5
MMCS,31.63,-106.43,1160.0,Ciudad Juarez International,America/Mexico_City,Ciudad Juarez International,5
76225,28.67,-106.03,1398.0,"CHIHUAHUA, CHIH.",America/Mexico_City,"CHIHUAHUA, CHIH.",5
MMCU,28.7,-105.97,1356.0,Chihuahua International Airport,America/Mexico_City,Chihuahua International Airport,5
76665,19.7,-101.18,1927.0,"MORELIA, MICH.",America/Mexico_City,"MORELIA, MICH.",5
03770,51.5047,-0.1311,5.0,"LONDON, ST JAMES PARK",Europe/London,"LONDON, ST JAMES PARK",5
EGLC,51.51,0.06,33.0,London City Airport,Europe/London,London City Airport,5
EGLL,51.48,-0.45,31.0,London / Heathrow Airport,Europe/London,London / Heathrow Airport,5
EGWU,51.55,-0.42,36.0,Northolt,Europe/London,Northolt,5
07690,43.65,7.2,28.0,NICE,Europe/Paris,NICE,5
LFMN,43.65,7.2,4.0,Nice,Europe/Paris,Nice,5
EYVI,54.63333000000001,25.28333,148.0,Vilnius,Europe/Vilnius,Vilnius,5
02469,59.18,17.91,62.0,TULLINGE,Europe/Stockholm,TULLINGE,5
ESSB,59.35,17.95,18.0,Stockholm / Bromma,Europe/Stockholm,Stockholm / Bromma,5
LTAI,36.90028,30.80112,51.0,Antalya,Europe/Istanbul,Antalya,5
26038,59.38,24.58,48.0,TALLINN,Europe/Tallinn,TALLINN,5
EETN,59.4,24.82,48.0,Tallinn,Europe/Tallinn,Tallinn,5
LTBA,40.97,28.82,28.0,Istanbul / Ataturk,Europe/Istanbul,Istanbul / Ataturk,5
EPWA,52.17,20.97,88.0,Warszawa-Okecie,Europe/Warsaw,Warszawa-Okecie,5
08535,38.72,-9.15,46.0,LISBOA/GEOF,Europe/Lisbon,LISBOA/GEOF,5
08579,38.77,-9.13,90.0,LISBOA/GAGO COUTINHO,Europe/Lisbon,LISBOA/GAGO COUTINHO,5
LPPT,38.77,-9.13,90.0,Lisboa / Portela,Europe/Lisbon,Lisboa / Portela,5
LPMT,38.7,-9.04,1.0,Montijo Mil.,Europe/Lisbon,Montijo Mil.,5
LPCS,38.72,-9.36,99.0,Cascais Airport,Europe/Lisbon,Cascais Airport,5
08285,39.48,-0.38,10.0,VALENCIA,Europe/Madrid,VALENCIA,5
LEVC,39.5,-0.47,38.0,Valencia / Aeropuerto,Europe/Madrid,Valencia / Aeropuerto,5
LEBT,39.58,-0.45,50.0,Valencia/Bétera,Europe/Madrid,Valencia/Bétera,5
08391,37.42,-5.9,22.0,SEVILLA/SAN PABLO,Europe/Madrid,SEVILLA/SAN PABLO,5
LEZL,37.42,-5.9,22.0,Sevilla / San Pablo,Europe/Madrid,Sevilla / San Pablo,5
08301,39.55,2.62,1.0,PALMA DE MALLORCA,Europe/Madrid,PALMA DE MALLORCA,6
08303,39.74,2.71,1030.0,SIERRA DE ALFABIA,Europe/Madrid,SIERRA DE ALFABIA,6
LEPA,39.55,2.73,8.0,Palma De Mallorca / Son San Juan,Europe/Madrid,Palma De Mallorca / Son San Juan,6
EKCH,55.62,12.65,2.0,Koebenhavn / Kastrup,Europe/Copenhagen,Koebenhavn / Kastrup,6
03166,55.93,-3.35,27.0,EDINBURGH GOGARBANK,Europe/London,EDINBURGH GOGARBANK,6
EGPH,55.95,-3.35,3.0,Edinburgh Airport,Europe/London,Edinburgh Airport,6
06660,47.38,8.57,611.0,ZUERICH-METEOSCHWEIZ,Europe/Zurich,ZUERICH-METEOSCHWEIZ,6
06664,47.43,8.52,441.0,RECKENHOLZ,Europe/Zurich,RECKENHOLZ,6
06670,47.48,8.53,424.0,ZUERICH-KLOTEN,Europe/Zurich,ZUERICH-KLOTEN,6
06673,47.22,8.68,429.0,WAEDENSWIL,Europe/Zurich,WAEDENSWIL,6
LSZH,47.48,8.53,424.0,Zurich-Kloten,Europe/Zurich,Zurich-Kloten,6
LSMD,47.4,8.65,448.0,Dubendorf Airport,Europe/Zurich,Dubendorf Airport,6
08545,41.23,-8.68,64.0,PORTO/PEDRAS RUBRAS,Europe/Lisbon,PORTO/PEDRAS RUBRAS,6
LPPR,41.23,-8.68,64.0,Porto / Pedras Rubras,Europe/Lisbon,Porto / Pedras Rubras,6
06240,52.3,4.77,-4.0,AMSTERDAM AP SCHIPHOL,Europe/Amsterdam,AMSTERDAM AP SCHIPHOL,6
EHAM,52.3,4.77,-4.0,Amsterdam Airport Schiphol,Europe/Amsterdam,Amsterdam Airport Schiphol,6
11034,48.2,16.37,171.0,WIEN/CITY,Europe/Vienna,WIEN/CITY,6
11035,48.25,16.37,149.0,WIEN/HOHE WARTE,Europe/Vienna,WIEN/HOHE WARTE,6
11036,48.12,16.57,181.0,WIEN/SCHWECHAT-FLUGHAFEN,Europe/Vienna,WIEN/SCHWECHAT-FLUGHAFEN,6
11037,48.2,16.57,144.0,GROSSENZERSDORF,Europe/Vienna,GROSSENZERSDORF,6
11040,48.13,16.42,174.0,WIEN/UNTERLAA,Europe/Vienna,WIEN/UNTERLAA,6
11080,48.2,16.23,231.0,WIEN/MARIABRUNN,Europe/Vienna,WIEN/MARIABRUNN,6
11090,48.2575,16.4333,161.0,WIEN-DONAUFELD,Europe/Vienna,WIEN-DONAUFELD,6
LOWW,48.12,16.57,181.0,Wien / Schwechat-Flughafen,Europe/Vienna,Wien / Schwechat-Flughafen,6
EBBR,50.9,4.53,50.0,Bruxelles National,Europe/Brussels,Bruxelles National,6
EDDF,50.05,8.6,108.0,Frankfurt / M-Flughafen,Europe/Berlin,Frankfurt / M-Flughafen,6
10381,52.47,13.3,48.0,BERLIN-DAHLEM,Europe/Berlin,BERLIN-DAHLEM,6
EDDB,52.38,13.52,45.0,Berlin-Schoenefeld,Europe/Berlin,Berlin-Schoenefeld,6
EDDT,52.57,13.32,37.0,Berlin-Tegel,Europe/Berlin,Berlin-Tegel,6
EIDW,53.43,-6.25,22.0,Dublin Airport,Europe/Dublin,Dublin Airport,6
EIME,53.3,-6.43,95.0,Casement Aerodrome,Europe/Dublin,Casement Aerodrome,6
07149,48.72,2.38,87.0,PARIS-ORLY,Europe/Paris,PARIS-ORLY,6
07150,48.97,2.43,52.0,LE BOURGET,Europe/Paris,LE BOURGET,6
07156,48.82,2.33,73.0,PARIS-MONTSOURIS,Europe/Paris,PARIS-MONTSOURIS,6
LFPB,48.97,2.45,59.0,Paris / Le Bourget,Europe/Paris,Paris / Le Bourget,6
LFPO,48.73,2.4,64.0,Paris-Orly,Europe/Paris,Paris-Orly,6
LFPV,48.77,2.2,172.0,Villacoublay,Europe/Paris,Villacoublay,6
LHBP,47.43,19.27,122.0,Budapest / Ferihegy,Europe/Budapest,Budapest / Ferihegy,6
11518,50.1,14.25,363.0,PRAHA/RUZYNE,Europe/Prague,PRAHA/RUZYNE,6
11520,50.02,14.45,273.0,PRAHA-LIBUS,Europe/Prague,PRAHA-LIBUS,6
11567,50.12,14.53,273.0,PRAHA-KBELY,Europe/Prague,PRAHA-KBELY,6
LKPR,50.1,14.25,363.0,Praha / Ruzyne,Europe/Prague,Praha / Ruzyne,6
LKKB,50.12,14.54,286.0,Kbely Air Base,Europe/Prague,Kbely Air Base,6
LKVO,50.22,14.4,280.0,Vodochody Airport,Europe/Prague,Vodochody Airport,6
EPKK,50.08,19.8,249.0,Krakow,Europe/Warsaw,Krakow,6
08220,40.45,-3.72,680.0,MADRID/C. UNIVERSITARIA,Europe/Madrid,MADRID/C. UNIVERSITARIA,6
08221,40.45,-3.55,563.0,MADRID/BARAJAS RS,Europe/Madrid,MADRID/BARAJAS RS,6
08222,40.42,-3.68,667.0,"MADRID, RETIRO",Europe/Madrid,"MADRID, RETIRO",6
LEMD,40.45,-3.55,563.0,Madrid / Barajas,Europe/Madrid,Madrid / Barajas,6
LEVS,40.38,-3.78,660.0,Madrid / Cuatro Vientos,Europe/Madrid,Madrid / Cuatro Vientos,6
08180,41.39,2.2,25.0,"BARCELONA,CMT",Europe/Madrid,"BARCELONA,CMT",6
08181,41.29278,2.07,4.0,BARCELONA/AEROPUERTO,Europe/Madrid,BARCELONA/AEROPUERTO,6
LEBL,41.28,2.07,4.0,Barcelona / Aeropuerto,Europe/Madrid,Barcelona / Aeropuerto,6
LELL,41.52,2.1,142.0,Sabadell,Europe/Madrid,Sabadell,6
01486,59.86,10.43,140.0,ASKER,Europe/Oslo,ASKER,6
01489,60.05,10.69,360.0,BJORNHOLT,Europe/Oslo,BJORNHOLT,6
01490,59.98,10.67,514.0,TRYVASSHOGDA,Europe/Oslo,TRYVASSHOGDA,6
01492,59.94,10.72,120.0,OSLO-BLINDERN,Europe/Oslo,OSLO-BLINDERN,6
EDDH,53.63,10.0,15.0,Hamburg-Fuhlsbuettel,Europe/Berlin,Hamburg-Fuhlsbuettel,6
EDHI,53.53,9.83,9.0,Hamburg-Finkenwerder,Europe/Berlin,Hamburg-Finkenwerder,6
06674,47.18,8.47,413.0,CHAM,Europe/Zurich,CHAM,6
02974,60.33,24.96,58.0,HELSINKI-VANTAA,Europe/Helsinki,HELSINKI-VANTAA,6
02978,60.18,24.94,23.0,"HELSINKI, KAISANIEMI",Europe/Helsinki,"HELSINKI, KAISANIEMI",6
02985,60.18,24.79,6.0,Espoo Tapiola,Europe/Helsinki,Espoo Tapiola,6
02998,60.2,24.96,11.0,Helsinki Kumpula,Europe/Helsinki,Helsinki Kumpula,6
EFHK,60.32,24.97,54.0,Helsinki-Vantaa,Europe/Helsinki,Helsinki-Vantaa,6
EDDK,50.87,7.17,107.0,Koeln / Bonn,Europe/Berlin,Koeln / Bonn,6
EGCC,53.35,-2.28,59.0,Manchester Airport,Europe/London,Manchester Airport,6
EDDS,48.68,9.22,362.0,Stuttgart-Echterdingen,Europe/Berlin,Stuttgart-Echterdingen,6
EDDL,51.3,6.77,35.0,Duesseldorf,Europe/Berlin,Duesseldorf,6
EDLN,51.23,6.5,38.0,Monchengladbach,Europe/Berlin,Monchengladbach,6
EDDV,52.47,9.68,53.0,Hannover,Europe/Berlin,Hannover,6
03535,52.48,-1.68,88.0,COLESHILL,Europe/London,COLESHILL,6
EGBB,52.45,-1.73,87.0,Birmingham / Airport,Europe/London,Birmingham / Airport,6
LTAD,39.95,32.68,797.0,Ankara / Etimesgut,Europe/Istanbul,Ankara / Etimesgut,6
LTAB,39.93,32.75,836.0,Ankara / Güvercinlik,Europe/Istanbul,Ankara / Güvercinlik,6
EPPO,52.42,16.83,74.0,Poznan,Europe/Warsaw,Poznan,6
07480,45.72,4.93,203.0,LYON-BRON,Europe/Paris,LYON-BRON,6
07481,45.75,5.08,230.0,LYON-ST EXUPERY,Europe/Paris,LYON-ST EXUPERY,6
LFLL,45.73,5.08,237.0,Lyon / Satolas,Europe/Paris,Lyon / Satolas,6
LFLY,45.72,4.95,206.0,Lyon / Bron,Europe/Paris,Lyon / Bron,6
EDDN,49.5,11.05,307.0,Nuernberg,Europe/Berlin,Nuernberg,6
EPWR,51.1,16.88,111.0,Wroclaw Ii,Europe/Warsaw,Wroclaw,6
EDDP,51.42,12.23,136.0,Leipzig-Schkeuditz,Europe/Berlin,Leipzig-Schkeuditz,6
EGPF,55.87,-4.43,55.0,Glasgow Airport,Europe/London,Glasgow Airport,6
02513,57.72,11.99,34.0,GOTEBORG,Europe/Stockholm,GOTEBORG,6
ESGG,57.67,12.3,153.0,Goteborg / Landvetter,Europe/Stockholm,Goteborg / Landvetter,6
15420,44.5,26.13,68.0,BUCURESTI BANEASA,Europe/Bucharest,BUCURESTI BANEASA,6
15421,44.48,26.18,67.0,BUCURESTI AFUMATI,Europe/Bucharest,BUCURESTI AFUMATI,6
15422,44.42,26.1,65.0,BUCARESTI FILARET,Europe/Bucharest,BUCARESTI FILARET,6
LRBS,44.5,26.13,68.0,Bucuresti / Imh,Europe/Bucharest,Bucuresti / Imh,6
LROP,44.55,26.1,76.0,Bucuresti Otopeni,Europe/Bucharest,Bucuresti Otopeni,6
06344,51.95,4.45,-5.0,ROTTERDAM AP ZESTIENHOVEN,Europe/Amsterdam,ROTTERDAM AP ZESTIENHOVEN,6
EHRD,51.95,4.45,-5.0,Rotterdam Airport Zestienhoven,Europe/Amsterdam,Rotterdam Airport Zestienhoven,6
11010,48.23,14.18,291.0,LINZ/HOERSCHING-FLUGHAFEN,Europe/Vienna,LINZ/HOERSCHING-FLUGHAFEN,6
11060,48.3,14.28,266.0,LINZ/STADT,Europe/Vienna,LINZ/STADT,6
LOWL,48.23,14.18,291.0,Linz / Hoersching-Flughafen,Europe/Vienna,Linz / Hoersching-Flughafen,6
03316,53.5,-3.07,9.0,CROSBY,Europe/London,CROSBY,6
EGGP,53.33,-2.85,1.0,Liverpool Airport,Europe/London,Liverpool Airport,6
EGOW,53.58,-3.06,2.0,Woodvale,Europe/London,Woodvale,6
EDLW,51.52,7.62,117.0,Dortmund / Wickede,Europe/Berlin,Dortmund / Wickede,6
LDZA,45.73,16.07,116.0,Zagreb / Pleso,Europe/Zagreb,Zagreb / Pleso,6
EGNM,53.87,-1.65,153.0,Leeds And Bradford,Europe/London,Leeds And Bradford,6
EPLL,51.73,19.4,176.0,LOAZ/LUBLINEK,Europe/Warsaw,LOAZ/LUBLINEK,6
LTBJ,38.27,27.15,133.0,Izmir / Adnan Menderes,Europe/Istanbul,Izmir / Adnan Menderes,6
LTBL,38.5,27.02,20.0,Izmir / Cigli,Europe/Istanbul,Izmir / Cigli,6
LTFA,38.52,26.98,19.0,Izmir  Kaklic,Europe/Istanbul,Izmir  Kaklic,6
EGGD,51.38,-2.72,180.0,Bristol / Lulsgate,Europe/London,Bristol / Lulsgate,6
EPGD,54.38,18.47,147.0,Gdansk-Rebiechowo,Europe/Warsaw,Gdansk-Rebiechowo,6
EDDE,50.98,10.97,295.0,Erfurt-Bindersleben,Europe/Berlin,Erfurt-Bindersleben,6
02635,55.57,13.07,14.0,MALMO,Europe/Stockholm,MALMO,6
EBAW,51.2,4.47,7.0,Antwerpen / Deurne,Europe/Brussels,Antwerpen / Deurne,6
07630,43.62,1.38,150.0,TOULOUSE BLAGNAC,Europe/Paris,TOULOUSE BLAGNAC,6
LFBO,43.63,1.37,149.0,Toulouse / Blagnac,Europe/Paris,Toulouse / Blagnac,6
EGSY,53.39,-1.39,69.0,"Yorkshire and Humberside, Sheffield City",Europe/London,"Yorkshire and Humberside, Sheffield City",6
07222,47.15,-1.62,22.0,NANTES-BOUGUENAIS,Europe/Paris,NANTES-BOUGUENAIS,6
LFRS,47.17,-1.6,27.0,Nantes,Europe/Paris,Nantes,6
06330,51.98,4.1,14.0,HOEK VAN HOLLAND,Europe/Amsterdam,HOEK VAN HOLLAND,6
03354,53.0,-1.25,87.0,NOTTINGHAM/WATNALL,Europe/London,NOTTINGHAM/WATNALL,7
EGNX,52.83,-1.33,79.0,East Midlands,Europe/London,East Midlands,7
EVRA,56.92,23.97,12.0,Riga International Airport,Europe/Riga,Riga International Airport,7
08479,36.72,-4.42,20.0,"MÁLAGA,PUERTO",Europe/Madrid,"MÁLAGA,PUERTO",7
08481,36.72,-4.48,60.0,"MÁLAGA,CMT",Europe/Madrid,"MÁLAGA,CMT",7
08482,36.67,-4.48,18.0,MALAGA/AEROPUERTO,Europe/Madrid,MALAGA/AEROPUERTO,7
LEMG,36.67,-4.48,18.0,Malaga / Aeropuerto,Europe/Madrid,Malaga / Aeropuerto,7
ETOU,50.05,8.33,137.0,Wiesbaden,Europe/Berlin,Wiesbaden,7
07510,44.83,-0.7,46.0,BORDEAUX MERIGNAC,Europe/Paris,BORDEAUX MERIGNAC,7
LFBD,44.83,-0.7,46.0,Bordeaux / Merignac,Europe/Paris,Bordeaux / Merignac,7
26850,53.93,27.63,219.0,MINSK,Europe/Minsk,MINSK,7
EDDC,51.13,13.75,226.0,Dresden-Klotzsche,Europe/Berlin,Dresden-Klotzsche,7
EDDW,53.05,8.8,5.0,Bremen,Europe/Berlin,Bremen,7
LZIB,48.2,17.2,120.0,Bratislava Ivanka,Europe/Bratislava,Ivanka pri Dunaji,7
EGFF,51.4,-3.35,2.0,Cardiff-Wales Airport,Europe/London,Cardiff-Wales Airport,7
07015,50.58,3.1,51.0,LILLE-LESQUIN,Europe/Paris,LILLE-LESQUIN,7
LFQQ,50.57,3.1,41.0,Lille,Europe/Paris,Lille,7
EDFM,49.47,8.52,95.0,"Baden Wurttemberg, Neuostheim",Europe/Berlin,"Baden Wurttemberg, Neuostheim",7
11723,49.15,16.7,243.0,BRNO/TURANY,Europe/Prague,BRNO/TURANY,7
LKTB,49.15,16.7,243.0,Brno / Turany,Europe/Prague,Brno / Turany,7
08141,41.65,-4.77,705.0,VALLADOLID,Europe/Madrid,VALLADOLID,7
LEVD,41.72,-4.85,836.0,Valladolid / Villanubla,Europe/Madrid,Valladolid / Villanubla,7
06260,52.1,5.18,2.0,DE BILT,Europe/Amsterdam,DE BILT,7
07190,48.55,7.63,149.0,STRASBOURG-ENTZHEIM,Europe/Paris,STRASBOURG-ENTZHEIM,7
LFST,48.55,7.63,149.0,Strasbourg,Europe/Paris,Strasbourg,7
03544,52.37,-1.33,82.0,CHURCH LAWFORD,Europe/London,CHURCH LAWFORD,7
08159,41.62083,-0.935,254.0,ZARAGOZA-VALDESPARTERA,Europe/Madrid,ZARAGOZA-VALDESPARTERA,7
08160,41.67,-1.0,208.0,ZARAGOZA/AEROPUERTO,Europe/Madrid,ZARAGOZA/AEROPUERTO,7
LEZG,41.67,-1.02,223.0,Zaragoza / Aeropuerto,Europe/Madrid,Zaragoza / Aeropuerto,7
EDMA,48.43,10.93,460.0,Augsburg,Europe/Berlin,Augsburg,7
LETO,40.48,-3.45,587.0,Madrid / Torrejon,Europe/Madrid,Madrid / Torrejon,7
EGHI,50.9,-1.4,9.0,Southampton / Weather Centre,Europe/London,Southampton / Weather Centre,7
11240,47.0,15.43,335.0,GRAZ-THALERHOF-FLUGHAFEN,Europe/Vienna,GRAZ-THALERHOF-FLUGHAFEN,7
11241,47.2,15.47,1080.0,SCHOECKL,Europe/Vienna,SCHOECKL,7
11290,47.08,15.45,370.0,GRAZ UNIVERSITAET,Europe/Vienna,GRAZ UNIVERSITAET,7
LOWG,47.0,15.43,335.0,Graz-Thalerhof-Flughafen,Europe/Vienna,Graz-Thalerhof-Flughafen,7
02763,61.47,23.75,86.0,TAMPERE HÄRMÄLÄ,Europe/Helsinki,TAMPERE HÄRMÄLÄ,7
EFTP,61.42,23.58,124.0,Tampere / Pirkkala,Europe/Helsinki,Tampere / Pirkkala,7
02986,60.2913,24.5679,90.0,Espoo Nuuksio,Europe/Helsinki,Espoo Nuuksio,7
07130,48.07,-1.73,36.0,RENNES-SAINT JACQUES,Europe/Paris,RENNES-SAINT JACQUES,7
LFRN,48.07,-1.73,36.0,Rennes,Europe/Paris,Rennes,7
EGTC,52.07,-0.62,77.0,Cranfield,Europe/London,Cranfield,7
EDDG,52.13,7.7,49.0,Muenster / Osnabrueck,Europe/Berlin,Muenster / Osnabrueck,7
LJLJ,46.22,14.48,353.0,Ljubljana / Brnik,Europe/Ljubljana,Ljubljana / Brnik,7
06370,51.45,5.42,20.0,EINDHOVEN AP,Europe/Amsterdam,EINDHOVEN AP,7
EHEH,51.45,5.42,20.0,Eindhoven,Europe/Amsterdam,Eindhoven,7
06631,46.98,7.47,555.0,BERN-LIEBEFELD,Europe/Zurich,BERN-LIEBEFELD,7
06636,46.98,7.28,549.0,MUEHLEBERG,Europe/Zurich,MUEHLEBERG,7
LSZB,46.92,7.5,577.0,Bern / Belp,Europe/Zurich,Bern / Belp,7
EGUB,51.62,-1.08,89.0,Benson,Europe/London,Benson,7
EGAA,54.65,-6.22,77.0,Belfast / Aldergrove Airport,Europe/London,Belfast / Aldergrove Airport,7
EGAC,54.6,-5.88,25.0,Belfast / Harbour,Europe/London,Belfast / Harbour,7
ELLX,49.62,6.22,340.0,Luxembourg / Luxembourg,Europe/Luxembourg,Luxembourg / Luxembourg,7
06708,46.57,6.87,786.0,ORON,Europe/Zurich,ORON,7
06710,46.55,6.62,617.0,LAUSANNE,Europe/Zurich,LAUSANNE,7
06711,46.52,6.67,599.0,PULLY,Europe/Zurich,PULLY,7
03344,53.82,-1.87,194.0,BINGLEY NO.2,Europe/London,BINGLEY NO.2,7
07643,43.58,3.97,1.0,MONTPELLIER,Europe/Paris,MONTPELLIER,7
LFMT,43.58,3.97,1.0,Montpellier,Europe/Paris,Montpellier,7
EBLG,50.65,5.45,188.0,Bierset,Europe/Brussels,Bierset,7
03740,51.5,-1.98,85.0,LYNEHAM,Europe/London,LYNEHAM,7
EGVA,51.68,-1.78,76.0,Fairford Royal Air Force Base,Europe/London,Fairford Royal Air Force Base,7
08025,43.3,-2.9,36.0,BILBAO/SONDICA,Europe/Madrid,BILBAO/SONDICA,7
08035,43.2,-3.1,208.0,"GÜEÑES,IBERDROLA",Europe/Madrid,"GÜEÑES,IBERDROLA",7
08059,43.38,-3.02,90.0,PUNTA GALEA GOLF,Europe/Madrid,PUNTA GALEA GOLF,7
LEBB,43.3,-2.93,8.0,Bilbao / Sondica,Europe/Madrid,Bilbao / Sondica,7
ETSI,48.72,11.53,362.0,Ingolstadt,Europe/Berlin,Ingolstadt,7
ETSN,48.72,11.22,378.0,Neuburg / Donau,Europe/Berlin,Neuburg / Donau,7
03238,55.02,-1.87,116.0,ALBEMARLE,Europe/London,ALBEMARLE,7
EGNT,55.03,-1.7,85.0,Newcastle,Europe/London,Newcastle,7
07157,49.02,2.53,115.0,PARIS-AEROPORT ROISSY,Europe/Paris,PARIS-AEROPORT ROISSY,7
LFPG,49.02,2.53,115.0,Paris-Aeroport Charles De Gaulle,Europe/Paris,Paris-Aeroport Charles De Gaulle,7
EPSC,53.4,14.62,1.0,Szczecin,Europe/Warsaw,Szczecin,7
07487,45.22,5.85,224.0,GRENOBLE-LVD,Europe/Paris,GRENOBLE,7
06257,52.5,4.6,1.0,WIJK AAN ZEE,Europe/Amsterdam,WIJK AAN ZEE,7
EDHK,54.38,10.17,31.0,Kiel / Holtenau Civilian,Europe/Berlin,Kiel / Holtenau Civilian,7
KQDG,37.0,35.43,73.0,Adana,Europe/Istanbul,Adana,7
EQYK,37.0,35.43,73.0,[unknown],Europe/Istanbul,[unknown],7
LTAF,36.98,35.3,11.0,Adana / Sakirpasa,Europe/Istanbul,Adana / Sakirpasa,7
LTAG,37.0,35.42,55.0,Adana / Incirlik,Europe/Istanbul,Adana / Incirlik,7
EPBY,53.1,17.98,72.0,Bydgoszcz Ignacy Jan Paderewski Airport,Europe/Warsaw,Bydgoszcz Ignacy Jan Paderewski Airport,7
11150,47.8,13.0,423.0,SALZBURG-FLUGHAFEN,Europe/Vienna,SALZBURG-FLUGHAFEN,7
11350,47.78,13.05,418.0,SALZBURG/FREISAAL,Europe/Vienna,SALZBURG/FREISAAL,7
LOWS,47.8,13.0,423.0,Salzburg-Flughafen,Europe/Vienna,Salzburg-Flughafen,7
EBCI,50.47,4.45,175.0,Charleroi / Gosselies,Europe/Brussels,Charleroi / Gosselies,7
EPRZ,50.1,22.05,194.0,Rzeszow-Jasionka,Europe/Warsaw,Rzeszow-Jasionka,7
LEGR,37.18,-3.78,583.0,Granada / Aeropuerto,Europe/Madrid,Granada / Aeropuerto,7
LEGA,37.13,-3.64,682.0,Granada / Armilla,Europe/Madrid,Granada / Armilla,7
EDVK,51.4,9.38,291.0,Kassel / Calden,Europe/Berlin,Kassel / Calden,7
EDVE,52.3,10.45,77.0,Braunschweig,Europe/Berlin,Braunschweig,7
60029,28.1,-15.41,55.0,"LAS PALMAS G.C.,SAN CRISTÓBAL",Atlantic/Canary,"LAS PALMAS G.C.,SAN CRISTÓBAL",7
60032,28.11306,-15.42139,15.0,LAS PALMAS DE GRAN CANARIA-PLAZA DE LA FERIA,Atlantic/Canary,LAS PALMAS DE GRAN CANARIA-PLAZA DE LA FERIA,7
60030,27.93,-15.38,136.0,LAS PALMAS DE GRAN CANARIA/GANDO,Atlantic/Canary,LAS PALMAS DE GRAN CANARIA/GANDO,7
GCLP,27.93,-15.38,136.0,Gran Canaria - Canary Islands,Atlantic/Canary,Gran Canaria - Canary Islands,7
EGKB,51.32,0.03,153.0,Biggin Hill,Europe/London,Biggin Hill,7
08430,38.0,-1.17,31.0,MURCIA,Europe/Madrid,MURCIA,7
LERI,37.95,-1.23,44.0,Murcia / Alcantarilla,Europe/Madrid,Murcia / Alcantarilla,7
EGNJ,53.58,-0.35,49.0,Humberside,Europe/London,Humberside,7
EGXV,53.87,-0.43,2.0,Leconfield,Europe/London,Leconfield,7
02458,59.9,17.6,12.0,UPPSALA,Europe/Stockholm,UPPSALA,7
02462,59.87,17.63,13.0,UPPSALA UNIVERSITY,Europe/Stockholm,UPPSALA UNIVERSITY,7
ESCM,59.88,17.6,7.0,Uppsala,Europe/Stockholm,Uppsala,7
08359,38.37,-0.5,66.0,ALICANTE,Europe/Madrid,ALICANTE,7
08360,38.28,-0.55,12.0,ALICANTE/EL ALTET,Europe/Madrid,ALICANTE/EL ALTET,7
LEAL,38.28,-0.55,12.0,Alicante / El Altet,Europe/Madrid,Alicante / El Altet,7
03330,53.13,-1.98,318.0,LEEK THORNCLIFFE,Europe/London,Thorncliffe,7
01311,60.29,5.23,40.0,BERGEN/FLESLAND,Europe/Oslo,BERGEN/FLESLAND,7
01317,60.38,5.33,7.0,BERGEN/FLORIDA,Europe/Oslo,BERGEN/FLORIDA,7
ENBR,60.28,5.23,40.0,Bergen / Flesland,Europe/Oslo,Bergen / Flesland,7
EGKA,50.83,-0.28,2.0,Shoreham Airport,Europe/London,Shoreham Airport,7
EDDR,49.22,7.12,323.0,Saarbruecken / Ensheim,Europe/Berlin,Saarbruecken / Ensheim,7
15120,46.77,23.57,333.0,CLUJ-NAPOCA,Europe/Bucharest,CLUJ-NAPOCA,7
LRCL,46.78,23.57,362.0,Cluj-Napoca,Europe/Bucharest,Cluj-Napoca,7
LTFJ,40.9,29.31,78.0,Istanbul / Sabiha Gokcen,Europe/Istanbul,Istanbul / Sabiha Gokcen,7
EGSH,52.63,1.3,9.0,Norwich Weather Centre,Europe/London,Norwich Weather Centre,7
07145,48.77,2.02,164.0,TRAPPES,Europe/Paris,TRAPPES,7
07146,48.75,2.12,153.0,TOUSSUS LE NOBLE,Europe/Paris,TOUSSUS LE NOBLE,7
LFPN,48.75056,2.11361,152.0,Toussus Le Noble,Europe/Paris,Toussus Le Noble,7
